S No,College Name,Address,State,Contact No(s),E-Mail ID,Weblink
0,"Indian Institute of Technology Madras - [IITM], Chennai","Opposite to C.L.R.I., Beside The Adyar Cancer Institute, Sardar Patel Road, Adyar , Chennai - 600036 , Tamil Nadu ,India",Tamil Nadu,"044-22570509,22578280,22578000,22579000,9444008001,9444008002",regr@iitm.ernet.in,http://www.iitm.ac.in
1,"Loyola College, Chennai","Sterling Road, Near Nungambakkam Railway Station, Nungambakkam , Chennai - 600034 , Tamil Nadu ,India",Tamil Nadu,"044-28178200,Office,Number,-,28178261,28178262",helpdesk@loyolacollege.edu,http://www.loyolacollege.edu
2,"Madras Medical College - [MMC], Chennai","E.V.R Periyar Salai, Park Town , Chennai - 600003 , Tamil Nadu ,India",Tamil Nadu,"044-25305000,25363970,25305238",mmcadmin@tn.gov.in,http://www.mmc.tn.gov.in/
3,"Presidency College, Chennai","Kamarajar Salai, Chepauk , Chennai - 600005 , Tamil Nadu ,India",Tamil Nadu,"044-28544894,28586401,28510732",contact@presidencychennai.com,http://www.presidencychennai.com
4,"Madras Christian College - [MCC], Chennai","Tambaram , Chennai - 600059 , Tamil Nadu ,India",Tamil Nadu,044-22390675,principal@mcc.edu.in,http://www.mcc.edu.in
5,"Institute of Hotel Management Catering Technology and Applied Nutrition - [IHM], Chennai","4th Cross Street, C.I.T Campus, TTTI - P.O., Taramani , Chennai - 600113 , Tamil Nadu ,India",Tamil Nadu,044-22542029,ihmchen@dataone.in,http://www.ihmchennai.org
6,"Department of Management Studies, IIT Madras - [DoMS IIT Madras], Chennai","Delhi Avenue , Chennai - 600036 , Tamil Nadu ,India",Tamil Nadu,044-22574550,doms@iitm.ac.in,http://www.doms.iitm.ac.in
7,"Sri Ramachandra University, Chennai","No.1 Ramachandra Nagar, Porur , Chennai - 600116 , Tamil Nadu ,India",Tamil Nadu,"044-45928500,24768027,24768031",deanfaculties@sriramachandra.edu.in,http://www.sriramachandra.edu.in/university/
8,"National Institute of Fashion Technology - [NIFT], Chennai","NIFT Campus, Rajiv Gandhi Salai, Taramani , Chennai - 600113 , Tamil Nadu ,India",Tamil Nadu,"044-22542759,22542769",nift.chennai@nift.ac.in,http://www.nift.ac.in/chennai
9,"Great Lakes Institute of Management, Chennai","Dr. Bala V Balachandar Campus, ECR Road, Manamai , Chennai - 603102 , Tamil Nadu ,India",Tamil Nadu,"044-30809000,30809001",info@greatlakes.edu.in,http://www.greatlakes.edu.in
10,"Anna University, Chennai","Sardar Patel Road, Old Highways Building, Guindy , Chennai - 600025 , Tamil Nadu ,India",Tamil Nadu,"044-22357077,22357073,22357076,22357264,22357265",deanceg@annauniv.edu,http://www.annauniv.edu
11,"Tamilnadu Government Dental College and Hospital - [TNGDCH], Chennai","Opposite Park Station, Muthusamy Salai , Chennai - 600003 , Tamil Nadu ,India",Tamil Nadu,"044-25340681,044-25340441,25340343,9840068168,7299068168",tngdch11@gmail.com,http://www.tamilnadudentalcollege.com
12,"Ethiraj College for Women, Chennai","70, Ethiraj Salai, Egmore, Thousand Lights , Chennai - 600008 , Tamil Nadu ,India",Tamil Nadu,"044-28279189,28287210",ethirajprincy@yahoo.com,http://www.ethirajcollege.in
13,"Loyola Institute of Business Administration - [LIBA], Chennai","1, Sterling Road, Nungambakkam , Chennai - 600034 , Tamil Nadu ,India",Tamil Nadu,"044-28177100,LIBA,Admissions,Office,-,9444028418",admissions@liba.edu,http://www.liba.edu
14,"Mohamed Sathak A.J. College of Pharmacy, Chennai","Sholinganallur , Chennai - 600119 , Tamil Nadu ,India",Tamil Nadu,"044-24502572,24502573,Principal,-,9790179502",dssindia@vsnl.com,http://www.msajpharm-edu.in/
15,"Stanley Medical College, Chennai","305 OSH Rd, Royapuram , Chennai - 600001 , Tamil Nadu ,India",Tamil Nadu,044-25281533,stanleyhospital@rediffmail.com,http://www.stanleymedicalcollege.com/
16,"Tamil Nadu Dr Ambedkar Law University - [TNDALU], Chennai","Poompozhil, 5 , Dr. D.G.S. Dinakaran Salai , Chennai - 600028 , Tamil Nadu ,India",Tamil Nadu,"044-,24641212,24641919",vc@tndalu.org,http://www.tndalu.ac.in/
17,"Ramakrishna Mission Vivekananda College, Chennai","70-72 P.S. Sivaswami Salai, Mylapore , Chennai - 600004 , Tamil Nadu ,India",Tamil Nadu,044-24993057,vivekanadacollege@rkmvc.ac.in,http://www.rkmvc.ac.in
18,"SRM University Kattankulathur, Chennai","S.R.M. Nagar, Kattankulathur , Chennai - 603203 , Tamil Nadu ,India",Tamil Nadu,"044-27417400,27417499",admissions.india@srmuniv.ac.in,http://www.srmuniv.ac.in
19,"Guru Nanak College, Chennai","Velachery Road , Chennai - 600042 , Tamil Nadu ,India",Tamil Nadu,"044-22451746,22444621",principal@gurunanakcollege.edu.in,http://gurunanakcollege.edu.in/
20,"Sree Balaji Medical College and Hospital - [SBMCH], Chennai","7, Works Road, Chromepet, , Chennai - 600044 , Tamil Nadu ,India",Tamil Nadu,"044-22415603,22415604",sbmc_h@yahoo.com,http://www.sbmch.ac.in/
21,"Academy of Maritime Education and Training University - [AMET], Chennai","No. 135, East Coast Road, Kanathur , Chennai - 603112 , Tamil Nadu ,India",Tamil Nadu,"1800-108-3030,044-32577030,32577002,Admission,Enquiry,-,9381055898,9344391418",office@ametuniv.ac.in,http://www.ametuniv.ac.in
22,"Indian Maritime University - [IMU], Chennai","East Coast Road, Uthandi , Chennai - 600119 , Tamil Nadu ,India",Tamil Nadu,"044-24539020,24539012","ull,""telephone",http://www.imu.edu.in
23,"The Tamil Nadu Dr. M.G.R. Medical University, Chennai","No. 69, Anna Salai , Chennai - 600032 , Tamil Nadu ,India",Tamil Nadu,"044-22353574,22353576,22301760,22353579",mail@tnmgrmu.ac.in,http://web.tnmgrmu.ac.in/
24,"DG Vaishnav College - [DDGDVC], Chennai","#833, E.V.R. Periyar Highroad, Arumbakkam , Chennai - 600106 , Tamil Nadu ,India",Tamil Nadu,"044-23635101,23635102,23635105,23635106",dgvoffice@gmail.com,http://www.dgvaishnavcollege.edu.in/
25,"IIKM Business School, Chennai","110, Sterling Road, Nungambakkam,, , Chennai - 600034 , Tamil Nadu ,India",Tamil Nadu,"044-28252466,28253455,8144195195,9500009914,9500009915,9500009916",contact@iikm.in,http://www.iikm.in
26,"The New College, Chennai","New No. 147, Old No. 87, Peter’s Road, Royapettah , Chennai - 600014 , Tamil Nadu ,India",Tamil Nadu,"044-28351269,Office,-,28350386,Principal,-,28350297",thenewcollege600014@gmail.com,http://www.thenewcollege.in/
27,"SRM Institute of Hotel Management, Chennai","SRM Nagar, Potheri , Chennai - 603203 , Tamil Nadu ,India",Tamil Nadu,"044-47432187,47432185,47432186",srmihmnationalcouncil@yahoo.com,http://www.srmihm.info/
28,"Easwari Engineering College - [EEC], Chennai","Bharathi Salai , Chennai - 600089 , Tamil Nadu ,India",Tamil Nadu,"044-22490853,22495420,4392,3041,Admissions,-,8939628204",eecw@vsnl.com,http://srmeaswari.ac.in/
29,"Meenakshi Sundararajan Engineering College - [MSEC], Chennai","363, Arcot Road, Kodambakkam Chennai, Tamil Nadu , Chennai - 600024 , Tamil Nadu ,India",Tamil Nadu,044-24801636,info@msec.edu.in,http://msec.edu.in/
30,"Panimalar Engineering College, Chennai","Bangalore Trunk Road, Varadharajapuram, Nasareth, Pettai (Post) , Chennai - 600123 , Tamil Nadu ,India",Tamil Nadu,"044-26490404,26490505,26490717,9994156513",info@panimalar.ac.in,http://www.panimalar.ac.in
31,"Vel Tech High Tech Dr.Rangarajan Dr.Sakunthala Engineering College, Chennai","60,Avadi – Vel Tech Road, Avadi , Chennai - 600062 , Tamil Nadu ,India",Tamil Nadu,"044-26840181,26840869,Toll,Free,-,180030706949,Principal,-,9789037651,7358701998","admission@vel-tech.org,",http://velhightech.com/
32,"Government College of Engineering - [GCE], Chennai","Tirunelveli, Tamil Nadu , Chennai - 627007 , Tamil Nadu ,India",Tamil Nadu,"0462-2552450,2552448",principal@gcetly.ac.in,http://www.gcetly.ac.in
33,"Alagappa College of Technology, Anna University - [ACT], Chennai","Sardar Patel Road, Chennai , Chennai - 600025 , Tamil Nadu ,India",Tamil Nadu,"044-22300972,22516021","ull,""telephone",https://www.annauniv.edu/act/
34,"Madras Institute of Technology- [MIT], Chennai","MIT Road, Radha Nagar, Chromepet , Chennai - 600044 , Tamil Nadu ,India",Tamil Nadu,044-22516002,pks@mitindia.edu,http://www.mitindia.edu/
35,"College of Engineering, Anna University - [CEG], Chennai","Sardar Patel Rd, Guindy, Chennai , Chennai - 600025 , Tamil Nadu ,India",Tamil Nadu,"044-2352312,22358491,9884113113",deanceg@annauniv.edu,http://ceg.annauniv.edu/
36,"CL Baid Metha College of Pharmacy, Chennai","C.L. Baid Metha College of Pharmacy, Jyothi Nagar, Rajiv Gandhi Salai , Chennai - 600097 , Tamil Nadu ,India",Tamil Nadu,"0442-4960151,24960425,24962592",principal@clbaidmethacollege.com,http://clbaidmethacollege.com
37,"Mohamed Sathak College of Arts and Science, Chennai","Sholinganallur , Chennai - 600119 , Tamil Nadu ,India",Tamil Nadu,"044-24501578,24502577,24502576",info@sathaktrust.com,http://www.mscartsandscience-edu.in
38,"Quaide-E-Millath Government College for Women (Autonomous), Chennai","74, Binny Road, Anna Salai , Chennai - 600002 , Tamil Nadu ,India",Tamil Nadu,"044-28520793,Principal,Office,No.,-,28550198,Placement,Officer,-,28543106",principal@qmgcw.in,http://www.qmgcw.in/Index.htm
39,"Hindustan Institute of Technology and Science - [HITS], Chennai","P.O.Box No.1, Rajiv Gandhi Salai (OMR), Padur, Kelambakkam , Chennai - 603103 , Tamil Nadu ,India",Tamil Nadu,"18004254438,044-22342155,22340968",info@hindustanuniv.ac.in,http://hindustanuniv.ac.in/
40,"Loganatha Narayanasamy Government College, Chennai","44,TH Road, Ponneri , Chennai - 601204 , Tamil Nadu ,India",Tamil Nadu,"044-,27972266",webadmin@lngovernmentcollege.com,http://www.lngovernmentcollege.com/
41,"Dr. M.G.R. Educational and Research Institute, Chennai","Periyar E.V.R. High Road, (NH 4 Highway), Maduravoyal , Chennai - 600095 , Tamil Nadu ,India",Tamil Nadu,044-23782176,contact@drmgrdu.ac.in,http://www.drmgrdu.ac.in/
42,"Tamil Nadu Veterinary and Animal Sciences University - [TANUVAS], Chennai","Madhavaram Milk Colony , Chennai - 600051 , Tamil Nadu ,India",Tamil Nadu,"044-25551586,25551587,25554555,25554556",tanuvas@vsnl.com,http://www.tanuvas.ac.in/
43,"School of Excellence in Law [SOEL] - The Tamilnadu Dr. Ambedkar Law University, Chennai","5, Dr. D.G.S. Dinakaran Salai , Chennai - 600028 , Tamil Nadu ,India",Tamil Nadu,044-24641212,"ull,""telephone",http://tndalu.ac.in/soel.php
44,"University of Madras, Chennai","Navalar Nagar, Chepauk, Triplicane , Chennai - 600005 , Tamil Nadu ,India",Tamil Nadu,"044-25399422,25399746,Examination,Regular,Enquiry,-,25399456,25399457,25613727,25613773",registrar@unom.ac.in,http://www.unom.ac.in
45,"SSN College of Engineering - [SSNCE], Chennai","Old Mahabalipuram Road, Kalavakkam , Chennai - 603110 , Tamil Nadu ,India",Tamil Nadu,"044-27469700,27469772",info@ssn.edu.in,http://www.ssn.edu.in/?page_id=124
46,"Sri Sairam Institute of Technology - [SSIT], Chennai","Sai Leo Nagar, West Tambaram , Chennai - 600044 , Tamil Nadu ,India",Tamil Nadu,"044,22512111,22512333,22512444",sairam@sairamit.edu.in,http://sairamit.edu.in/
47,"M.O.P. Vaishnav College for Women, Chennai","20, IV Lane, Nungambakkam High Road , Chennai - 600034 , Tamil Nadu ,India",Tamil Nadu,"044-28330262,Office,-,28330507",mopvcfw@eth.net,http://mopvc.edu.in/
48,"Justice Basheer Ahmed Sayeed  College For Women - [JBAS], Chennai","No.56, K.B. Dasan Road, Anna Salai, Teynampet , Chennai - 600018 , Tamil Nadu ,India",Tamil Nadu,044-24364152,jbascompsc@dataone.in,http://www.jbascollege.info
49,"Shrimathi Devkunvar Nanalal Bhatt Vaishnav College for Women (Evening), Chennai","Shanthi Nagar , Chennai - 600044 , Tamil Nadu ,India",Tamil Nadu,"044-22655450,22654976",info.sdnbvc@gmail.com,http://www.sdnbvc.com/sdnbvc/website2011/sdnbv.htm
50,"Madras Institute of Fashion Technology - [MFT], Chennai","16A, Shastri Nagar, (Next to Hotel Ambika Empire), Off 100 Feet Road, Vadapalani , Chennai - 600026 , Tamil Nadu ,India",Tamil Nadu,"044-23623676,23623678,9841270011,9841093493",admissions@mftindia.com,http://www.mftindia.com/mft/
51,"Asian College of Journalism - [ACJ], Chennai","Second Main Road (Behind M.S. Swaminathan Research Foundation) , Chennai - 600113 , Tamil Nadu ,India",Tamil Nadu,"044-22542840,22542842,22542847",asian_media@asianmedia.org.in,http://www.asianmedia.org
52,"SRM Dental College, Chennai","Bharathi Salai, Ramapuram , Chennai - 600089 , Tamil Nadu ,India",Tamil Nadu,"044-22490526,22490009,8939631255",drraviortho75@gmail.com,http://srmdentalcollege.ac.in/
53,"Jaya College of Paramedical Sciences, College of Pharmacy, Chennai","CTH Road , Chennai - 602024 , Tamil Nadu ,India",Tamil Nadu,"044-29038239,26390982,9840326898",jayapharmacy2005@gmail.com,http://www.jcp.co.in/
54,"VELS University, Chennai","Velan Nagar, P.V. Vaithiyalingam Road, Pallavaram , Chennai - 600117 , Tamil Nadu ,India",Tamil Nadu,"044-22662500,22662501,22662502,22662503,33624444",vistas@velsuniv.org,http://www.velsuniv.ac.in
55,"MEASI Academy of Architecture, Chennai","87, Peter's Road, Royapettah , Chennai - 600014 , Tamil Nadu ,India",Tamil Nadu,"044-28350345,28350445",archeasi@gmail.com,http://www.measiarch.in
56,"Queen Mary's College, Chennai","Kamaraja Salai, Mylapore, Opp. IG Office , Chennai - 600004 , Tamil Nadu ,India",Tamil Nadu,"044-28444995,Hostel,No.,-,28441729,Admission,Cell,-,28445910",chennaiqmc@rediff.com,http://www.queenmaryscollege.edu.in/
57,"Bharath University - Bharath Institute of Higher Education and Research - [BIHER], Chennai","173 Agharam Road Selaiyur , Chennai - 600073 , Tamil Nadu ,India",Tamil Nadu,"044-22290247,42115251,9841064199",admission@bharathuniv.ac.in,http://www.bharathuniv.ac.in/
58,"Central Institute of Plastics Engineering and Technology - [CIPET], Chennai","T.V.K. Industrial Estate, Guindy , Chennai - 600032 , Tamil Nadu ,India",Tamil Nadu,"044-22254780,22253040,22254710,22254701,22254706,9677123894",chennai@cipet.gov.in,http://www.cipet.gov.in
59,"Jeppiaar Engineering College, Chennai","Old Mamallapuram Road, Rajiv Gandhi Salai, Semmenchery Village , Chennai - 600119 , Tamil Nadu ,India",Tamil Nadu,044-24502818,principal@jeppiaarcollege.org,http://www.jeppiaarcollege.org
60,"Jerusalem College of Engineering - [JCE], Chennai","Velachery Main Road, Narayanapuram, Pallikaranai , Chennai - 600100 , Tamil Nadu ,India",Tamil Nadu,"044-22461404,22460131,Admission,Cell,-,28173144",jerusalemengg@gmail.com,http://www.jerusalemengg.ac.in
61,"Misrimal Navajee Munoth Jain Engineering College, Chennai","Marudhar Kesari Building, Jyothi Nagar , Chennai - 600097 , Tamil Nadu ,India",Tamil Nadu,"044-24962270,24962272",mnmjec@md4.vsnl.net.in,http://www.mnmjec.ac.in/
62,"Rajalakshmi Institute of Technology - [RIT], Chennai","Kuthambakkam Post , Chennai - 600124 , Tamil Nadu ,India",Tamil Nadu,"044-37181600,37181601,26442472,37181603",mail@ritchennai.edu.in,http://www.ritchennai.org
63,"JEPPIAAR SRR Engineering college, Chennai","Ram Nagar, IT High way, Padur , Chennai - 603103 , Tamil Nadu ,India",Tamil Nadu,"044-27474839,27474840,27416131,27416132,27416133",admin@jeppiaarsrr.in,http://www.jeppiaarsrr.in/
64,"Saveetha Engineering College - [SEC], Chennai","Saveetha Nagar, , Chennai - 602105 , Tamil Nadu ,India",Tamil Nadu,"044-66726677,26811119,66726680",principal@saveetha.ac.in,http://www.saveetha.ac.in
65,"St Xaviers Catholic College of Engineering - [SXCCE], Chennai","Chunkankadai, Nagercoil, Kanyakumari, Tamil Nadu , Chennai - 629003 , Tamil Nadu ,India",Tamil Nadu,"04652-259662,232560",info@sxcce.edu.in,http://www.sxcce.edu.in
66,"Velammal Engineering College - [VEC], Chennai","Velammal Nagar, Ambattur-Red Hills Road , Chennai - 600066 , Tamil Nadu ,India",Tamil Nadu,"044-39666005,39666006,39666007,39666008,39666009,26591841",velammal@velammal.edu.in,http://www.velammal.edu.in/
67,"Indian Institute of Information Technology Design & Manufacturing - [IIITDM], Chennai","Kanchepuram, Melakottaiyur Village, Off Vandalur-Kelambakkam Road, Nellikuppam Road , Chennai - 600127 , Tamil Nadu ,India",Tamil Nadu,"044-27476300,27476301",office@iiitdm.ac.in,http://www.iiitdm.ac.in/
68,"KCG College Of technology, Chennai","KCG Nagar, Rajiv Gandhi Salai, Karapakkam , Chennai - 600097 , Tamil Nadu ,India",Tamil Nadu,"044-24503140,22342508",principal@kcgcollege.com,http://www.kcgcollege.ac.in
69,"Vel Tech Multi Tech Dr. Rangarajan Dr. Sakunthala Engineering College, Chennai","42, Avadi - Vel Tech Road, Vel Nagar , Chennai - 600062 , Tamil Nadu ,India",Tamil Nadu,"7358701999,9600094306,7358179928",admission@vel-tech.org,http://velmultimedia.com/
70,"Panimalar Institute of Technology-[PIT], Chennai","No.391, Bangalore Trunk Road, Varadharajapuram , Chennai - 600123 , Tamil Nadu ,India",Tamil Nadu,"044-26491113,26491114",info@pit.ac.in,http://www.pit.ac.in
71,"Tamil Nadu Teachers Education University - [TNTEU], Chennai","Gangaiamman Koil Street, Karapakkam , Chennai - 600097 , Tamil Nadu ,India",Tamil Nadu,"044-65260012,Registrar,-,24503303,Examination,Controller,-,65260016,65260025",coe@tnteu.in,http://www.tnteu.ac.in/
72,"Women's Christian College - [WCC], Chennai","#51, College Road , Chennai - 600006 , Tamil Nadu ,India",Tamil Nadu,"044-28275926,28231676",info@wcc.edu.in,http://www.wcc.edu.in/
73,"Tamil Nadu Open University - [TNOU], Chennai","No 577, Anna Salai, Saidapet , Chennai - 600015 , Tamil Nadu ,India",Tamil Nadu,044-24306600,contact@tnou.ac.in,http://www.tnou.ac.in/
74,"Asan Memorial Institute of Hotel Management and Catering Technology, Chennai","Velachery-Tambaram Road , Chennai - 600100 , Tamil Nadu ,India",Tamil Nadu,"0442-2461418,22460032",asanedn@md3.vsnl.net.in,http://www.collegesintamilnadu.com/Hotel-Management/Asan-Memorial-Institute-of-Hotel-Management-and-Catering-Technology/Profile/Chennai/2992
75,"Vinayaga College of Education - [VCE], Chennai","P.V.Vaithiyalingam Road , Malliga Nagar, Pallavaram , Chennai - 600117 , Tamil Nadu ,India",Tamil Nadu,"044-22662505,22662501","ull,""telephone",http://www.vinayagacollege.com/
76,"Central Marine Fisheries Research Institute - [CMFRI], Chennai","CIBA Campus, 75, Santhome High Road , Chennai - 600028 , Tamil Nadu ,India",Tamil Nadu,"0484-28293299,28294252",cmfrichennai@gmail.com,http://www.cmfri.org.in/
77,"DMI College of Education, Chennai","Mevalurkuppam, B-Village, Palanchur, Post Office:- Nazarethpet, Chennai , Chennai - 602103 , Tamil Nadu ,India",Tamil Nadu,"044–67130008,9444395289,9444405815,9444390735",dmibed_2009@yahoo.com,http://www.dmicedn.com/index.html
78,"Annai Veilankanni Pharmacy College, Chennai","81/33, V.G.Pannerdas Salai, Saidapet , Chennai - 600015 , Tamil Nadu ,India",Tamil Nadu,"044-24851172,24710820,43523712,65137516",info@annaiveilankannis.com,http://annaiveilankannis.com/pharmacy/
79,"Stella Matutina College of Education, Chennai","Kamaraj Salai, Ashok Nagar , Chennai - 600083 , Tamil Nadu ,India",Tamil Nadu,"044-24894262,24894267",smcedn@gmail.com,http://www.smce-chennai.com/
80,"Empee Institute of Hotel Management and Catering Technology, Chennai","D-103, Aruna Complex, Annanagar , Chennai - 600102 , Tamil Nadu ,India",Tamil Nadu,044-26630179,empeeihmct@vsnl.net,https://www.empeeihmct.org/
81,"MGR Institute of Hotel Management and Catering Technology - [MGR IHMCT], Chennai","Lakshmi Nagar, 1st Main Road, Sridevi Garden , Chennai - 600087 , Tamil Nadu ,India",Tamil Nadu,044-24869006,mgrihmct@yahoo.in,http://www.mgrihmct.edu.in/
82,"CSI Bishop Newbigin College of Education, Chennai","109, Dr. Radha kishnan Road, Mylapore , Chennai - 600004 , Tamil Nadu ,India",Tamil Nadu,"044-28110778,97911087510",bpnewbiginbedcol100@yahoo.in,http://bishopnewbigincollege.org/
83,"ICAT Design and Media College, Chennai","153, Santhome High Road, Mylapore , Chennai - 600004 , Tamil Nadu ,India",Tamil Nadu,"044-42737755,9500128555",divya@ac.in,http://www.icat.ac.in/
84,"Saveetha Dental College & Hospital, Chennai","No.162, Poonamallee High Road, Velappanchavadi , Chennai - 600077 , Tamil Nadu ,India",Tamil Nadu,"044-26801580,26801585",saveetha@vsnl.com,http://sdc.saveetha.com
85,"Saveetha Institute of Medical And Technical Sciences - [SIMATS], Chennai","No.162, Poonamalle High Road , Chennai - 600077 , Tamil Nadu ,India",Tamil Nadu,"044-26801050,26801580,8939994248",admission@saveetha.com,http://www.saveetha.com/
86,"Chennai Business School - [ CBS ], Chennai","CBS House, No 31Dr. Radhakrishnan Salai,  9th Lane, Mylapore , Chennai - 600004 , Tamil Nadu ,India",Tamil Nadu,"044-42424242,9884865243",admissions@cbs.org.in,http://www.cbs.org.in/
87,"Sairam Institute of Management Studies - [SIMS], Chennai","Sai Leo Nagar, West Tambaram , Chennai - 600044 , Tamil Nadu ,India",Tamil Nadu,"044-22512222,22512229",sairam@sairam.edu.in,http://sims.sairam.edu.in
88,"Aalim Muhammed Salegh College of Engineering - [AALIMEC], Chennai","Muthapudupet, Avadi, IAF , Chennai - 600055 , Tamil Nadu ,India",Tamil Nadu,"044-26842627,26842086",info@aalimec.ac.in,http://aalimec.ac.in/
89,"Anand Institute of Higher Technology - [AIHT], Chennai","Kalasalingam Nagar, IT Corridor, Old Mahablipuram Road, Kazhipattur , Chennai - 603103 , Tamil Nadu ,India",Tamil Nadu,"044-27471320,Administration,Office,-,27471330,Admission,Enquiry,No.,-,8012136666",aiht_anand@yahoo.co.in,http://www.aiht.ac.in/
90,"Dhanalakshmi College of Engineering - [DCE], Chennai","Dr. V.P.R. Nagar, Off. Tambaram Sriperumbudur Road, Via Manimangalam, Manimangalam Post (10 km from Tambaram on Kishkhinta Road) , Chennai - 601301 , Tamil Nadu ,India",Tamil Nadu,"044-71700800,71700801,71700808",dceedn@yahoo.com,http://www.dce-edu.com
91,"GKM College of Engineering and Technology, Chennai","G.K.M. Nagar, Perungalathur (Near Tambaram) , Chennai - 600063 , Tamil Nadu ,India",Tamil Nadu,"044,2279,2411,2279,4023,2279,2401,2279,4073",admission@gkmgroup.in ,http://www.gkmcet.net.in/
92,"Meenakshi College of Engineering, Chennai","No.12, Vembuliamman Koil Street, West K.K.Nagar , Chennai - 600078 , Tamil Nadu ,India",Tamil Nadu,044-23640773,info@mce-edu.in,http://mce.edu.in/
93,"Prince Shri Venkateshwara Padmavathy Engineering College - [PSVPEC], Chennai","Medavakkam - Mambakkam Road, Ponmar , Chennai - 600127 , Tamil Nadu ,India",Tamil Nadu,044-27497651,info@princevenkateshwara.com,http://www.princevenkateshwara.com
94,"S.A. Engineering College, Chennai","Poonamallee, Avadi Road, Veeraraghavapuram , Chennai - 600077 , Tamil Nadu ,India",Tamil Nadu,"044-26801999,26801499",saec@saec.ac.in,http://saec.ac.in/
95,"Sri Muthukumaran Institute of Technology - [SMIT], Chennai","Chikkarayapuram (Near Mangadu) , Chennai - 600069 , Tamil Nadu ,India",Tamil Nadu,"044-24780002,24780003,29301167",info@smitcollege.org,http://www.smit.edu.in/
96,"Tagore Engineering College - [TEC], Chennai","Rathinamangalam, Vandalur (via) , Chennai - 600127 , Tamil Nadu ,India",Tamil Nadu,"044-27409725,27409726,27409727,27409728,27409729,27409730",principal.tagore@gmail.com,http://tagoreengg.edu.in/
97,"B.S. Abdur Rahman Crescent Institute of Science & Technology, Chennai","Seethakathi Estate, GST Road, Vandalur , Chennai - 600048 , Tamil Nadu ,India",Tamil Nadu,"044-22751347,22751348,22751350,22751375,22759223,22759236,22759200,9543277888",bsar@bsauniv.ac.in,http://www.bsauniv.ac.in
98,"Sathyabama Institute of Science and Technology, Chennai","Jeppiaar Nagar, Rajiv Gandhi Salai , Chennai - 600119 , Tamil Nadu ,India",Tamil Nadu,"044,-24503810,24503150,24503151,24503152,24503154",info@sathyabamauniversity.ac.in,http://www.sathyabama.ac.in
99,"St. Peter's University, Chennai"," Tonakela Camp Road, Sankar Nagar, Avadi , Chennai - 600054 , Tamil Nadu ,India",Tamil Nadu,"044-26558080,Admission,-,26558085",admission@stpetersuniversity.org,http://www.stpetersuniversity.org/
100,"Tagore Dental College, Chennai","Rathinamangalam, Melakkottaiyur Post,	 Near Vandalur , Chennai - 600127 , Tamil Nadu ,India",Tamil Nadu,"044-30102222,28341621,30102244",drchitraa@gmail.com,http://www.tagoredch.com
101,"Institute of Advanced Study in Education, Chennai","Saidapet , Chennai - 600015 , Tamil Nadu ,India",Tamil Nadu,044-24357248,info@iasetamilnadu.org,http://iasetamilnadu.org/
102,"Meenakshi College for Women, Chennai","363, Arcot Road (NSK Salai), Kodambakkam , Chennai - 600024 , Tamil Nadu ,India",Tamil Nadu,"044-24725466,24732504",office@meenakshicollege.com,http://www.meenakshicollege.com
103,"Thai Moogambigai Dental College and Hospital, Chennai","Golden Geroge Nagar, Mugappair , Chennai - 600107 , Tamil Nadu ,India",Tamil Nadu,044-65479959,"ull,""telephone",http://www.tmdch.ac.in/
104,"Benson College of Hotel Managment  and Culinary Arts, Chennai","#9, Mounaswamy Madam Cross Street, Venkatapuram, Ambatthur , Chennai - 600053 , Tamil Nadu ,India",Tamil Nadu,"044-42061233,9841822711",benson_director@yahoo.com,http://bensonhotelmanagementcollege.com/
105,"Sri Muthukumaran Medical College Hospital and Research Institute - [SMMCHRI], Chennai","Kunrathur Road, Near Mangadu , Chennai - 600069 , Tamil Nadu ,India",Tamil Nadu,"044-66344000,66344040,65650839",smmchri@yahoo.com,http://www.smmchri.res.in/index.php
106,"Indian School of Science and Management - [ISSM], Chennai","No.34, Venkateswara Colony, 3rd Cross Street, Nehru Nagar, Taramani. [Near Sun Direct and opposite to Cognizant Technologies] , Chennai - 600041 , Tamil Nadu ,India",Tamil Nadu,"044-64521265,9789931111",admin@issm.in,http://www.issm.in/
107,"SDN Bhatt Vaishnav College for Women, Chennai","Shanti Nagar, Chrompet , Chennai - 600044 , Tamil Nadu ,India",Tamil Nadu,"044-22655450,Office,-,22655027,Office,-,22654232","ull,""telephone",http://www.sdnbvc.com/
108,"Sree Balaji Dental College & Hospital - [SBDCH], Chennai","Velachery Main Road , Pallikaranai , Chennai - 600100 , Tamil Nadu ,India",Tamil Nadu,"044-22461883,22462179,22460623",info@sbdch.ac.in,http://www.sbdch.ac.in
109,"Canan School of Catering and Hotel Management - [CSCHM], Chennai","1/75, Poonamallee High Road, Nerkundram Chennai , Chennai - 600107 , Tamil Nadu ,India",Tamil Nadu,"044-29312123,24798104,9444990651,9444017306",hospitality@cananschool.org,http://www.cananschool.org
110,"Government Kilpauk Medical College - [GKMC], Chennai","822, Poonamallee High Rd, Near Ega Theatre, Kilpauk, Chennai, Tamil Nadu , Chennai - 600010 , Tamil Nadu ,India",Tamil Nadu,"044–26412979,26431927",dean@gkmc.in,http://www.gkmc.in
111,"Alpha College of Engineering, Chennai","34, UdayavarKoil Street, Thirumazhisai, Poonamallee, , Chennai - 600124 , Tamil Nadu ,India",Tamil Nadu,"044-2645,3111,7810013333",engineering@alphagroup.edu,http://www.alphagroup.edu/engineering/index.php
112,"P.B. College of Engineering - [PBCE], Chennai","Chennai - Bangalore Highway,Irungattukottai, Sriperumbudur, , Chennai - 602117 , Tamil Nadu ,India",Tamil Nadu,"044-24766386,27198033,9940026861,Administration,-,9600113031",pbce@pbce.in,http://www.pbce.in
113,"Shree Motilal Kanhaiyalal Fomra Institute of Technology - [SKMFIT], Chennai","Rajiv Gandhi Salai, IT Highway (OMR) , Chennai - 603103 , Tamil Nadu ,India",Tamil Nadu,"044-,27475621",admin@smkfomra.net,http://www.smkfomra.net/
114,"Sri Lakshmi Ammal Engineering College - [SLAE], Chennai","Thiruvanchery , Chennai - 600126 , Tamil Nadu ,India",Tamil Nadu,"044-22290357,22294878",info@slaecollege.edu.in,http://www.slaecollege.edu.in/
115,"Stella Maris College, Chennai","17, Cathedral Road , Chennai - 600086 , Tamil Nadu ,India",Tamil Nadu,"044-28111987,28111951",smc@md3.vsnl.net.in,http://www.stellamariscollege.org
116,"Exterior Interior (P Ltd), Chennai","1st Floor, Ganesh Building, No.63, Old No.30, Venkatanarayana Road, T Nagar , Chennai - 600017 , Tamil Nadu ,India",Tamil Nadu,"044-24311701,24310030,24330023",enquiry@exingroup.co.in,http://www.exterior-interiors.com/
117,"Ragas Dental College and Hospital - [RDC], Chennai","Ragas Dental College #191, East Coast Road, Uthandi, Perungudi , Chennai - 600096 , Tamil Nadu ,India",Tamil Nadu,"044-24530002,24530003,24530004",info@rdc.ac.in,http://rdc.ac.in/
118,"Pachaiyappa's College, Chennai","No. 201 to 203, EVR Periyar Road, Sheney Nagar , Chennai - 600030 , Tamil Nadu ,India",Tamil Nadu,"044-,5155909,Administration,-,044-26412844",pachaiyappas@gmail.com,http://www.pachaiyappaschennai.net
119,"ARM College of Engineering and Technology - [ARM], Chennai","Marai Malai Nagar , Chennai - 603209 , Tamil Nadu ,India",Tamil Nadu,"044-37411244,9380468333,9380468555,9380468777",admin@armenggcollege.com,http://armenggcollege.com/
120,"Agni College of Technology, Chennai","Old Mahabalipuram Road, Thalambur , Chennai - 600130 , Tamil Nadu ,India",Tamil Nadu,"044-67409441,67409499",mail@act.edu.in,http://www.act.edu.in
121,"Apollo Engineering College, Chennai","Chettipedu, Poonamallee,  , Chennai - 602103 , Tamil Nadu ,India",Tamil Nadu,"044-24362183,24362184,Admission,Helpline,-,9962867888",info@apolloengg.in,http://www.apolloengg.in
122,"DMI College of Engineering - [DMICE], Chennai","NH-48, Palanchur Nazarethpet Post, Opp Queens Land , Chennai - 600123 , Tamil Nadu ,India",Tamil Nadu,"044-26810641,26811544",admissions@dmice.ac.in,http://www.dmice.ac.in
123,"Dhaanish Ahmed College of Engineering - [DACE], Chennai","Dhaanish Nagar, Vanchuvancherry, Padappai, Near Tambaram , Chennai - 601301 , Tamil Nadu ,India",Tamil Nadu,"044-71736800,71736823,9444604046,Administration,Office,-,9962022222",principal@dhaanishcollege.co.in,http://www.dhaanish.in
124,"Jaya Engineering College - [JEC], Chennai","CTH Road, Prakash Nagar, Thiruninravur, Chennai, Tamil Nadu , Chennai - 602024 , Tamil Nadu ,India",Tamil Nadu,"044-26300982,26341264,26390041,9444512418,9444010756",info@jec.ac.in,http://jec.ac.in/
125,"Karpaga Vinayaga College of Engineering and Technology - [KVCET], Chennai","#4, Dr. Ambedkar Road, Kodambakkam, , Chennai - 600024 , Tamil Nadu ,India",Tamil Nadu,"044-27565486,27565486",kvcet@live.com,http://www.kveg.in/kvcet_about.php
126,"Loyola Institute of Technology - [LIT], Chennai","Palanchur, Nazarathpet Post Chennai, Tamil Nadu. , Chennai - 600123 , Tamil Nadu ,India",Tamil Nadu,"044-26811541,26810252,College,Office,-,9444390711",loyolaoffice@gmail.com,http://www.litedu.in/
127,"Madha Engineering College, Chennai","Somangalam Road, Madha Nagar, Kundrathur(PO), Sriperumbudur (TK), Kancheepuram (Dist) , Chennai - 600069 , Tamil Nadu ,India",Tamil Nadu,"044-24780732,24780734",info@madhaengineeringcollege.com,http://www.madhaengineeringcollege.com
128,"Madha Institute of Engineering And Technology - [MIET], Chennai","Behind Anagaputhur Bus stand, Near Pallavaram, Erandamkattalai, Sadhanandapuram , Chennai - 602101 , Tamil Nadu ,India",Tamil Nadu,"044-,29301103,9444731104",principal448@gmail.com,http://www.madhaengineeringandtechnology.com/
129,"Magna College of Engineering, Chennai","Redhills - Tiruvallur High Road,  Magaral , Chennai - 600055 , Tamil Nadu ,India",Tamil Nadu,"044-27626301,27626302,27626303,Campus:,-,9940629736,Administrative,Office,:,-,9940629738",admin@magnace.edu.in,http://www.magnace.edu.in/
130,"Mohamed Sathak AJ College of Engineering - [MSAJCE], Chennai","34, Rajiv Gandhi Salai (OMR), Inside SIPCOT IT Park, Siruseri, Egattur , Chennai - 603103 , Tamil Nadu ,India",Tamil Nadu,"044-27470021,27470023",ajce@rediffmail.com,http://www.msajce-edu.in/index.php
131,"New Prince Shri Bhavani College of Engineering & Technology - [NPSBCET], Chennai","Vengaivasal Main Road, Gowrivakkam , Chennai - 600073 , Tamil Nadu ,India",Tamil Nadu,"044,22780404,Principal,-,22780303,9840813748",info@newprinceshribhavani.com,http://www.newprinceshribhavani.com
132,"SKR Engineering College, Chennai","Nazarathpet, Poonamallee , Chennai - 600123 , Tamil Nadu ,India",Tamil Nadu,"044-26494205,26273380,9840666144",admin@skrenggcollege.org,http://www.skrec.org/
133,"Sakthi Mariamman Engineering College - [SMEC], Chennai","Narayanasamy nagar, 55, Thandalam , Chennai - 602105 , Tamil Nadu ,India",Tamil Nadu,"044-30903579,9244900702,9500084903",smecollege@gmail.com,http://www.smecollege.edu
134,"Sree Sastha College of Engineering - [SSCE], Chennai","Chembarambakkam , Chennai - 600123 , Tamil Nadu ,India",Tamil Nadu,"044-26810121,26810126,Coordinator,-,9791020128,9865417261",admin@sasthaengg.com,http://www.sasthaengg.com/
135,"Sree Sastha Institute of Engineering and Technology, Chennai","Sree Sastha Nagar, Bangalore Highway, Chembarambakkam , Chennai - 600123 , Tamil Nadu ,India",Tamil Nadu,"044-26810114,26810115,26810117",ssiet@eth.net,http://sreesasthainstitutions.edu.in
136,"Sri Ramanujar Engineering College - [SREC], Chennai","Kolapakkam, Vandalur , Chennai - 600127 , Tamil Nadu ,India",Tamil Nadu,"044,22751380,22751370,Admission,Officer,-,9840832639,Admission,Officer,-,9962081818",sriramanujar@yahoo.com,http://www.sriramanujar.ac.in
137,"TJ Institute of Technology - [TJIT], Chennai","Rajiv Gandhi Salai (Old Mahabalipuram Road) , Chennai - 600097 , Tamil Nadu ,India",Tamil Nadu,"044-66041234,66041414,Admissions,-,8939875566,7358175586",admission@tjit.edu.in,http://www.tjit.edu.in/
138,"Thangavelu Engineering College, Chennai","Rajiv Gandhi Salai, (Old Mahabalipuram Road) , Chennai - 600097 , Tamil Nadu ,India",Tamil Nadu,"044,-66041234,66041414",admin@thangavelu.edu.in,http://www.thangavelu.edu.in/
139,"The New Royal College of Engineering and Technology - [ROCET], Chennai","Ecr, Pooncheri , Chennai - 603104 , Tamil Nadu ,India",Tamil Nadu,"044-27443116,27442117","ull,""telephone",http://rocet.co.in
140,"Gojan School of Business and Technology - [GSBT], Chennai","80 Feet Road, Edapalayam , Chennai - 600052 , Tamil Nadu ,India",Tamil Nadu,"044-26310808,26310808,9444025188",gsbt@gojaneducation.com,http://www.gojaneducation.com
141,"St Joseph College of Engineering, Chennai","Old Mamallapuram Road, Semmencherry, , Chennai - 600119 , Tamil Nadu ,India",Tamil Nadu,"044-24500792,24500765,24501060,24501449",jprstjosephs@stjosephs.ac.in,http://www.stjosephs.ac.in
142,"Prince Dr K Vasudevan College of Engineering and Technology - [PDKVCET], Chennai","Medavakkam-Mambakkam Road, Ponmar Village,Ponmar , Chennai - 600127 , Tamil Nadu ,India",Tamil Nadu,044-27497075,princedrkvasudevan@gmail.com,http://princedrkvasudevan.com/
143,"Jaya Sakthi Engineering College - [JSEC], Chennai","CTH Road, St Marys Nagar,(Near Avadi) , Chennai - 602024 , Tamil Nadu ,India",Tamil Nadu,"044-26340250,26344282",info@sakthiec.edu.in,http://www.sakthiec.edu.in/
144,"Asan Memorial College of Arts and Science - [AMCAS], Chennai","Velachery- Tambaram Road, Jaladampet , Chennai - 601302 , Tamil Nadu ,India",Tamil Nadu,"044-22460216,22460032",asanedn@md3.vsnl.net.in,http://www.amcas.in/
145,"Meenakshi Academy of Higher Education and Research - [MAHER], Chennai","No. 12, Vembuli Amman Koil Street, West K.K. Nagar , Chennai - 600078 , Tamil Nadu ,India",Tamil Nadu,"044-23643955,23643956",info@maher.ac.in,http://maherdeemedtobeuniversity.org
146,"MAHER University, Institute Of Distance Education, Chennai","No. 12, Vembuli Amman Koil Street, West K.K. Nagar , Chennai - 600078 , Tamil Nadu ,India",Tamil Nadu,"044-23643955,23643956,23643956",info@maher.ac.in,http://tfcsinfo.com/maher/distance.html
147,"ITM Business School, Chennai","D14, SIPCOT IT Park, Siruseri, Old Mahabalipuram Road , Chennai - 603103 , Tamil Nadu ,India",Tamil Nadu,"044-27470133,27470134,27470135,27470136","ull,""telephone",http://www.itm.edu
148,"St. Thomas College of Arts and Science, Chennai","No. 140/6, St. Thomas Nagar, New Colony, A. K. R. Road, Koyambedu , Chennai - 600107 , Tamil Nadu ,India",Tamil Nadu,"044-24798489,Principal,-,2931,2257,Principal,-,6546,0500",principal.stcas@gmail.com,http://saintthomascollege.com/
149,"Galaxy Institute of Management, Chennai","Tambaram - Sriperumbudhur Highway, Vellarai , Chennai - 602105 , Tamil Nadu ,India",Tamil Nadu,"044-49520997,49522628,8939814624,8939814625,8939814407",director@galaxy.edu.in,http://galaxy.edu.in/
150,"C Kandasami Naidu College for Men - [CKNC], Chennai","No. E7, III Avenue, Annanagar East, Chennai, Tamilnadu , Chennai - 600102 , Tamil Nadu ,India",Tamil Nadu,044-26262970,admin@cknc.edu.in,http://www.cknc.edu.in/
151,"Chellammal Women College, Chennai","No.112, Anna Salai, Guindy , Chennai - 600002 , Tamil Nadu ,India",Tamil Nadu,"044-22351217,22301400","ull,""telephone",http://chellammal.edu.in/
152,"Bharath Post Graduate College, Chennai","8, Karpagambal Nagar, Mylapore Chennai, Tamil Nadu , Chennai - 600004 , Tamil Nadu ,India",Tamil Nadu,044-66656665,bharathpgcollege@yahoo.com,http://bharathpgcollege.com/
153,"Dr. MGR Janaki College of Arts and Science for Women, Chennai","""Sathyabama MGR Maligai"", 11&13, Durgabai Deshmuk Road, Raja Annamalai Puram, , Chennai - 600028 , Tamil Nadu ,India",Tamil Nadu,"044-24937382,24618052,Principal,Office,No.,-,24618056",admin@mgrjanaki.ac.in,http://www.mgrjanaki.ac.in
154,"Indian Institute of Knowledge Management - [IIKM], Chennai","91, Valluvar Kottam High Road, Nugambakkam , Chennai - 600034 , Tamil Nadu ,India",Tamil Nadu,"044-28214342,9445232862",contact@iikm.net,http://iikm.net/
155,"Alpha Arts and Science College - [AASC], Chennai","No.30, Tundalam Road, Chettiyar Agaram Road, Behind Ramachandra Hospital, Porur , Chennai - 600116 , Tamil Nadu ,India",Tamil Nadu,"044-24762368,9884442576,9884442578","ull,""telephone",http://www.alphagroup.edu/arts-science/index.php
156,"AM Jain College, Chennai","Meenambakkam , Chennai - 600114 , Tamil Nadu ,India",Tamil Nadu,"1,-,044-22248705,Shift,-,2,-,22248603",amjain1952@yahoo.com,http://www.amjaincollege.edu.in/
157,"Annai Veilankanni College for Women, Chennai","#81/33 V.G.P.Salai, Saidapet , Chennai - 600015 , Tamil Nadu ,India",Tamil Nadu,"044-24851172,24710820",info@annaiveilankannis.com,http://annaiveilankannis.com/arts-and-science/
158,"Annai Violet Arts and Science College, Chennai","53, Violet College Road, Menambedu, Ambattur , Chennai - 600053 , Tamil Nadu ,India",Tamil Nadu,"044-26861611,26864684",contact@violetcollege.in,http://www.violetcollege.in/
159,"Bhakthavatsalam Memorial College for Women, Chennai","No. 14, 31st Street, Periyar Nagar, Korattur, Chennai, Tamil Nadu , Chennai - 600080 , Tamil Nadu ,India",Tamil Nadu,"044-26872891,26872699",bmcchennai@yahoo.co.in,http://bmc.ac.in/
160,"Chevalier T.Thomas Elizabeth College For Women - [CTTEWC], Chennai","No. 16, St. Marys Road, Maryland, Sembium , Chennai - 600011 , Tamil Nadu ,India",Tamil Nadu,"044-25375753,9444436959,9940519005",cttewc@yahoo.com,http://www.cttewc.com/
161,"Dhanraj Baid Jain College - [DBJC], Chennai","Jyothi Nagar, Thorapakkam, Chennai, Tamil Nadu , Chennai - 600096 , Tamil Nadu ,India",Tamil Nadu,"044-24960889,9840865174",placement@dbjaincollege.org,http://www.dbjaincollege.org/
162,"Dharmamurthi Rao Bahadur Calavala Cunnan Chettys Hindu College - [DRBCCC], Chennai","Dharmamurthi Nagar , Chennai - 600072 , Tamil Nadu ,India",Tamil Nadu,"0440-26850621,26850887",drbccchinducollege@yahoo.co.in,http://www.drbccchinducollege.ac.in/.
163,"Dr. Ambedkar Govt. Arts College - [DAGAC], Chennai","Vyasarpadi , Chennai - 600039 , Tamil Nadu ,India",Tamil Nadu,"044-25520151,25511998,Principal's,Office,-,9444381337",dagacvys@dagacvys@yahoo.co.in,http://www.daga.co.in/
164,"Jaya College of Arts and Science - [JCAS], Chennai","CTH Road, Thiruninravur , Chennai - 602024 , Tamil Nadu ,India",Tamil Nadu,"044-26390808,26300251",info@jcas.co.in,http://www.jcas.co.in/
165,"Kilakarai Bukhari Aalim Arabic College, Chennai","B.S. Abdur Rahman University Campus, G.S.T. Road , Chennai - 600048 , Tamil Nadu ,India",Tamil Nadu,"044-22751280,22751282",info@bukhariarabiccollege.com,http://www.bukhariarabiccollege.com/
166,"Preston International College, Chennai","No.10, Kavignar Bharathi Dasan Road , Chennai - 600018 , Tamil Nadu ,India",Tamil Nadu,"044-24353113,42111365,9941678784",info@prestonchennai.ac.in,http://www.prestonchennai.ac.in
167,"Sivananda Yoga Vedanta Centre, Chennai","3/655, Kaveri Nagar, Kuppam Road, Kottivakkam , Chennai - 600041 , Tamil Nadu ,India",Tamil Nadu,"044-24511626,24512546",samatalok@gmail.com,http://sivananda.org.in/chennai/
168,"Soka Ikeda College of Arts and Science for Women, Chennai","Sethu Bhaskara Nagar, Madhanangkuppam , Chennai - 600099 , Tamil Nadu ,India",Tamil Nadu,"044-29033707,Admissions,-,9677717456","ull,""telephone",http://www.sokaikedacollege.in/
169,"Sri Kanyaka Parameswari Arts and Science College for Women, Chennai","No.1, Audiappa Street, Parrys , Chennai - 600001 , Tamil Nadu ,India",Tamil Nadu,"044-25387021,Office,-,25387022",srikanyaka99@gmail.com,http://www.skpc.edu.in/
170,"The Madras Sanskrit College, Chennai","84, Royapettah High Road , Chennai - 600004 , Tamil Nadu ,India",Tamil Nadu,044-24980421,info@madrassanskritcollege.org,http://www.madrassanskritcollege.com
171,"Valliammal College for Women, Chennai","E- 9, Anna Nagar , Chennai - 600102 , Tamil Nadu ,India",Tamil Nadu,044-26204300,vcw@valliammal.edu.in,http://www.valliammal.edu.in/
172,"Aalim Muhammed Salegh Academy of Architecture, Chennai","â€œNizara Educational Campusâ€, Muthapudupet, IAF Avadi , Chennai - 600055 , Tamil Nadu ,India",Tamil Nadu,"044-26842333,26842331",info@amsarch.ac.in,http://www.amsarch.ac.in/
173,"Rajalakshmi School of Architecture - [RSA], Chennai","Rajalakshmi Nagar, Thandalam , Chennai - 602105 , Tamil Nadu ,India",Tamil Nadu,"044-37181111,37181112",arch@rajalakshmi.edu.in,http://architecture.rajalakshmi.org/index.html
174,"Gurukul Lutheran Theological College, Chennai","94, Purasawalkam high Road, Kilpauk , Chennai - 700010 , Tamil Nadu ,India",Tamil Nadu,"044-26421007,26422450,26427545","ull,""telephone",http://www.gltc.edu/
175,"Hindustan Bible Institute - [HBI], Chennai","86-89, Medavakkam Tank Road Kilpaujk , Chennai - 600010 , Tamil Nadu ,India",Tamil Nadu,"044-26421199,26421975,26423664","ull,""telephone",http://www.hbionline.org/
176,"Jubilee Memorial Bible College - [JMBC], Chennai","31, Bible College Main Road, Urappakkam P.O , Chennai - 603210 , Tamil Nadu ,India",Tamil Nadu,"044-47442302,9677238955,9941801711",info@jmbc.ac.in,http://www.jmbc.ac.in
177,"Maranatha Bible Training Institute, Chennai","59b,Madhiravedu, vellappanchavadi , Chennai - 600010 , Tamil Nadu ,India",Tamil Nadu,"044-26800347,9840788828,9840403659","ull,""telephone",http://www.mbtic.net/main/index.php/about-us
178,"Auxilium School of Interior Design, Chennai","D-8, Halls Towers, 56 Halls Road (Behind Museum, Next to King's Hotel), Egmore, Chennai, Tamil Nadu , Chennai - 600020 , Tamil Nadu ,India",Tamil Nadu,"044-30222111,30222113,9383398698,9383398698",asidindia@gmail.com,http://auxilium.in/
179,"Visualite Academy, Chennai","No.16/106, A I Block, 4th Street, Opp. Anna Adarsh College for Women, Anna Nagar , Chennai - 600040 , Tamil Nadu ,India",Tamil Nadu,"044-24660156,9025400400",visualiteacademy@gmail.com,http://visualite.in/contact.php
180,"Sri Sai Ram Homoeopathy Medical College and Research Centre, Chennai","Sai Leo Nagar, Poonthandalam , Chennai - 600044 , Tamil Nadu ,India",Tamil Nadu,"044-32507774,22512030",principal.hom@saimedical.com,http://www.saimedical.com
181,"Sri Sai Ram Medical College for Siddha Ayurveda and Homoeopathy, Chennai","Sai Leo Nagar, Poonthandalam, West Tambaram , Chennai - 600044 , Tamil Nadu ,India",Tamil Nadu,"044-22512010,22512030",medinfo@saimedica.com,http://sairamhomoeo.edu.in/
182,"National Institute of Siddha - [NIS], Chennai","Grand Southern Trunk Road, Tambaram Sanatorium , Chennai - 600047 , Tamil Nadu ,India",Tamil Nadu,"044-22411611,22380789",nischennaisiddha@yahoo.co.in,http://www.nischennai.org/
183,"Central Institute of Brackish Water Aquaculture - [CIBA], Chennai","75, Santhome High Road, RA Puram, Chennai , Chennai - 600028 , Tamil Nadu ,India",Tamil Nadu,"044-24617523,24610311",director@ciba.res.in,http://www.ciba.res.in/
184,"Academy of Fashion and Textile Technology - [AFTT], Chennai","16 , Gemini Parsn Complex, 3rd Floor, 121, Mount Road , Chennai - 600006 , Tamil Nadu ,India",Tamil Nadu,"044-8216087,42144230,9444194109,9884394451",aftt_hautecouture@yahoo.com,http://www.aftt.8m.com/
185,"Institute of Design - [IOD], Chennai","10, Shyam Gardens - 2nd Floor, Khader Nawaz Khan Road , Chennai - 600006 , Tamil Nadu ,India",Tamil Nadu,"0442-8230588,9840183372",iodworld@gmail.com,http://www.iodworld.in
186,"International Gemological institute - [IGI], Chennai","Prashanth Real Gold Tower Office #4,9th Floor North Usman Road T. Nagar , Chennai - 600017 , Tamil Nadu ,India",Tamil Nadu,0444-3502570,"ull,""telephone",http://www.igiworldwide.com
187,"Avel Flight School, Chennai","No.24, 3rd Cross Street, Bakkiyathammal Nagar, Padi , Chennai - 600050 , Tamil Nadu ,India",Tamil Nadu,"044-42849829,9176938882,9811023279,9003179992",study@avelflightschool.com,http://avelflightschool.com/india/
188,"Instrulab Institute of Aviation Technology, Chennai","No:125, G.S.T.Road Chrompet , Chennai - 600044 , Tamil Nadu ,India",Tamil Nadu,"044-22381305,22382345,9841041339,9382828232",instlab@satyam.net.in,http://www.iiat.net.in
189,"Access Atlantech Media College, Chennai","""Nijapadam"" 6/9, Damodaran Street, (off) Mayor Ramanathan Salai, Chetpet , Chennai - 600031 , Tamil Nadu ,India",Tamil Nadu,"044-28362795,9962516000",enquiry@aatcollege.com,http://www.aatcollege.com
190,"Indian School of Business Management and Administration - [ISBM], Chennai","Old Door No.304/305, Guna Complex, New No. 443 & 445, Next to Hotel Anandha, Opp to DMK Office, Anna Salai, Teynampet , Chennai - 600034 , Tamil Nadu ,India",Tamil Nadu,"044-48500507,9109956440",chennai@isbm.org.in,http://www.isbm.org.in
191,"LV Prasad Filmand TV Academy, Chennai","Prasad Studios Campus 28, Arunachalam Road , Chennai - 600093 , Tamil Nadu ,India",Tamil Nadu,"044-65257476,65257478,9840210909",info@prasadacademy.com,http://www.prasadacademy.com/
192,"Magic Lantern School of Cinema, Chennai","13N, Sreevatsa Apartments, Third Floor, 6th Main Road, Raja Annamalaipuram , Chennai - 600028 , Tamil Nadu ,India",Tamil Nadu,"044-42069956,9176691403,9176691404",magiclantern.asc@gmail.com,http://www.magiclantern.in
193,"Shashikant School of Photography, Chennai","No.9, 4th Street, Venkateshwara Nagar, Karpagam Gardens, Adyar , Chennai - 600020 , Tamil Nadu ,India",Tamil Nadu,"044-43504539,9841905484,9841022758","ull,""telephone",http://www.shashikant.com
194,"Meenakashi Ammal Dental College and Hospital, Maher University, Chennai","Alapakkam Main Road , Chennai - 600095 , Tamil Nadu ,India",Tamil Nadu,"0442-3782566,23780177",madc05@gmail.com,http://www.madc.edu.in/
195,"Annamal Institute of Hotel Management and Catering Technology - [AIHMCT], Chennai","16/2, Jawaharlal Nehru Salai, (100ft. Road), Arumbakkam , Chennai - 600106 , Tamil Nadu ,India",Tamil Nadu,044-65330070,ediamal@yahoo.com,http://www.iibtindia.com/annamal.html
196,"Ayyar Bawan School of Catering and Hotel Management - [ABSCHM], Chennai","No: 6, Periyar St, B.V.Puram, Avadi, Chennai , Chennai - 600054 , Tamil Nadu ,India",Tamil Nadu,"044-26374777,65730011",info@ayyaarbawan.com,http://www.ayyaarbawan.com/
197,"MAA School of Hotel Managment - [MSHM], Chennai","233/33, Selliamman Koil Street Nerkundram , Chennai - 600107 , Tamil Nadu ,India",Tamil Nadu,"044-64605677,9380554141",maaschool@yahoo.com,http://www.mshmindia.com
198,"Southern Academy of Maritime Studies - [SAMS], Chennai","No.82, Panapakkam, Tirupathi Road, Uthukottai Taluk , Chennai - 601102 , Tamil Nadu ,India",Tamil Nadu,"044-42269050,9244909383",admissions@samsindia.com,http://samsmarine.org/
199,"Amaze Multimedia, Chennai","No. 2, Golden Homes, Plot No.5, Wheat Crafts , Chennai - 600034 , Tamil Nadu ,India",Tamil Nadu,"044-28266006,9443229749","ull,""telephone",http://www.amazemediacollege.com/
200,"Image Institute of Multimedia Arts and Graphic Effects Adyar, Chennai","No. 73, Dr. Mutgulakshmi Salal L.B.Road, Adyar , Chennai - 600020 , Tamil Nadu ,India",Tamil Nadu,"044-42607850,42607851",vigram@imageil.com,http://www.image.edu.in/
201,"Image Institute of Multimedia Arts and Graphic Effects Vadapalani, Chennai","D/3/5, Doshi Garden Commercial 174, Arcot Road, Vadapalani , Chennai - 600026 , Tamil Nadu ,India",Tamil Nadu,"044-42140407,42149119",vadapalani@image.edu.in,http://www.imageil.com
202,"Aadhi Bhagawan College of Pharmacy, Chennai","Rantham Village , Chennai - 604407 , Tamil Nadu ,India",Tamil Nadu,"04182-248378,9443344072,9443344471",aadhibhagawan@gmail.com,http://www.abcpharmacy.co.in/
203,"Adhiparasakthi College of Pharmacy, Chennai","Melmaruvathur, Kancheepuram , Chennai - 603319 , Tamil Nadu ,India",Tamil Nadu,044-27529093,deanapac@tnau.ac.in,http://www.omsakthi.org/trust/trust_pharmacy.html
204,"AMS Durgabai Deshmukh General Hospital and Research Centre, Chennai","Andhra Mahila Sabha 11, Dr Durgabai Deshmukh Road , Chennai - 600028 , Tamil Nadu ,India",Tamil Nadu,"044-,24938311,24938351",ddghrc@sify.com,http://andhramahilasabha.org.in/DDHRC_Chennai.htm
205,"Apollo Institute of Hospital Management and Allied Science, Chennai","Vanagaram to Ambattur Main Road, Ayanambakkam , Chennai - 600095 , Tamil Nadu ,India",Tamil Nadu,044-26536966,aihmas@apollohospitalseducation.com,http://www.apollohospitalseducation.com/aihmas/index.html
206,"Karpaga Vinayaga Institute of Medical Sciences and Research Center - [KIMS & RC], Chennai","GST Road, Chinna Kolambakkam, Palayanoor PO, Madurantagam T.k. , Chennai - 603308 , Tamil Nadu ,India",Tamil Nadu,"044-27598484,24735716",Kims.medical@yahoo.in,http://www.kims.edu.in
207,"Lotus Clinical Research Academy - [LCRA], Chennai","III Floor, 508, TTK Road , Chennai - 600018 , Tamil Nadu ,India",Tamil Nadu,0444-2111421,"ull,""telephone",http://www.lotusacademy.co.in
208,"Mohamed Sathak A.J College of Physiotherapy, Chennai","144/1, Sathak center annex Nungambakkam High Road, Nungambakkam , Chennai - 600034 , Tamil Nadu ,India",Tamil Nadu,"044-22834988,65550555,Principal,No.,-,9940626453",msajcpt@yahoo.co.in,http://www.msajphysio-edu.in
209,"National Institute of Epidemiology - [NIE], Chennai","Tamil Nadu Housing Board, Ayapakkam Near Ambattur , Chennai - 600077 , Tamil Nadu ,India",Tamil Nadu,"044-26136417,26136420,26821600,26820464,26820355",directorne@dataone.in,http://www.nie.gov.in/
210,"Saveetha College of Physiotherapy, Chennai","162, Poonamallee High Road , Chennai - 600077 , Tamil Nadu ,India",Tamil Nadu,"044-26801050,26800511","ull,""telephone",http://www.saveetha.com/physiotherapy/
211,"Saveetha Medical College, Chennai","Saveetha Nagar, Thandalam , Chennai - 602105 , Tamil Nadu ,India",Tamil Nadu,044-66726616,info.smc@saveetha.com,http://www.saveethamedicalcollege.com/
212,"Sri Sairam Siddha Medical College and Research Centre - [SSSMCRC], Chennai","Sai Leo Nagar, Poonthandalam, West Tambaram , Chennai - 600044 , Tamil Nadu ,India",Tamil Nadu,"044–22512050,32507771",siddha@saimedical.com,http://sairamsiddha.edu.in/
213,"Annai Veilankanni Nursing College, Chennai","81/33 VGP Salai , Chennai - 600015 , Tamil Nadu ,India",Tamil Nadu,"044-,24851172,24710820,65137516,65362757,9282144444",dev@annaiveilankannis.com,http://avsn.annaiveilankannis.com
214,"Miot College of Nursing, Chennai","4/112, Mount Poonamallee Road, Manapakkam , Chennai - 600089 , Tamil Nadu ,India",Tamil Nadu,"044-22491025,Hospital,No.,-,22492288",miotcon@gmail.com,http://www.miotcollegeofnursing.com/index.html
215,"Mohamed Sathak AJ College of Nursing - [MSAJCN], Chennai","No.34, Rajiv Gandhi Road OMR, IT Highway , Chennai - 603103 , Tamil Nadu ,India",Tamil Nadu,"044-42625000,9244904604,9244903601","ull,""telephone",http://www.msajcnursing-edu.in/
216,"Sooriya School of Nursing and Hospital, Chennai","No.1, Arunachalam Road, Saligramam , Chennai - 600093 , Tamil Nadu ,India",Tamil Nadu,"044-23761751,23761756,9444232483",info@sooriyahospital.com,http://www.sooriyahospital.com/school_of_nursing/index.htm
217,"Tamil Nadu Nurses & Midwives Council, Chennai","Old No.140, New No.56, Santhome High Road (Near Santhome Church) , Chennai - 600004 , Tamil Nadu ,India",Tamil Nadu,"044-24934792,40473330",info@tamilnadunursingcouncil.com,http://www.tamilnadunursingcouncil.com
218,"Vee Care College of Nursing, Chennai","No. 1/5, Chettiar Agaram Road, Sivabootham Village , Chennai - 600095 , Tamil Nadu ,India",Tamil Nadu,0444-2945455,veecarecollegeofnursing@gmail.com,http://veecarenursingcollege.org/index.html
219,"Aarupadai Veedu Institute of Technology - [AVIT], Chennai","Vinayaka Nagar, Old Mahabalipuram Road, Paiyanoor , Chennai - 603104 , Tamil Nadu ,India",Tamil Nadu,"044-42989000,For,General,Enquiry:,-,8754541025,8754541026",contactus@avit.ac.in,http://www.avit.ac.in/
220,"Apollo Computer Education, Chennai","Apollo Towers, 4, Doraiswamy Road (Opp. Pothys), T.Nagar , Chennai - 600017 , Tamil Nadu ,India",Tamil Nadu,"0442-4329324,24329325",shanthakumar50@yahoo.com,http://www.apollocomputereducation.com/index.html
221,"Apollo Priyadarshanam Institute of Technology, Chennai","Tambaram - Kanchipuram Main Road , Chennai - 600017 , Tamil Nadu ,India",Tamil Nadu,"0442-4362183,24362184",info@apollopriyadarshanam.in,http://www.apollopriyadarshanam.in/
222,"Balaji Institute of Engineering & Technology - [BIET], Chennai","Thandalam , Office I. T. Highway, Near Thiruporur , Chennai - 603110 , Tamil Nadu ,India",Tamil Nadu,"044-27498544,9176898222",info@biet.net.in,http://www.bietedu.in/
223,"Chennai Institute of Technology - [CIT], Chennai","Sarathy Nagar, Kundrathur , Chennai - 600069 , Tamil Nadu ,India",Tamil Nadu,8939917000,info@citchennai.net,http://www.chennaiinstituteoftechnology.com/
224,"Gopal Ramalingam Memorial Engineering College, Chennai","Rajeswari Nagar,Panapakkam, (Near) Padappai , Chennai - 601301 , Tamil Nadu ,India",Tamil Nadu,"044-27145540,Admission,Office,-,42044337,Admission,-,9444864288",grmenggcollege@gmail.com,http://www.grmenggcollege.org/
225,"Hindustan Institute of Maritime Training - [HIMT College], Chennai","11, Millers Road, Kilpauk , Chennai - 600010 , Tamil Nadu ,India",Tamil Nadu,"044-30103010,43439696,30103065",booking@himtmarine.com,https://www.himtmarine.com/
226,"Loyola-ICAM College of Engineering and Technology - [LICET], Chennai","Loyola College Campus , Chennai - 600034 , Tamil Nadu ,India",Tamil Nadu,044-28178490,licet@licet.ac.in,http://www.licet.ac.in
227,"National Institute of Technical Teachers Training and Research - [NITTTR], Chennai","CSIR Road, Near Tidel Park, Taramani , Chennai - 600113 , Tamil Nadu ,India",Tamil Nadu,"044-22545406,22545401,22545442,22545416",dir@nitttrc.ac.in,http://www.nitttrc.ac.in/
228,"RRASE College of Engineering, Chennai","Vanchuvancherry, Tambaram - Kancheepuram High Road, Padappai , Chennai - 601301 , Tamil Nadu ,India",Tamil Nadu,"044-27174753,27174754,9840860019,9962649150,9841247417",rrasecoe@gmail.com,http://rrase.com/
229,"Shri Andal Alagar College of Engineering - [SAACE], Chennai","No. 6. G.S.T. Road , Chennai - 603111 , Tamil Nadu ,India",Tamil Nadu,0442-7565662,"ull,""telephone",http://www.saace.net/
230,"Sri Krishna Engineering College - [SKEC], Chennai","Panapakkam, Near Padappai , Chennai - 601301 , Tamil Nadu ,India",Tamil Nadu,"044-27145503,27190026,Admission,-,9444864288",srikrishnaengg@sify.com,http://www.srikrishnacollege.com/
231,"Sri Krishna Institute of Technology - [SKIT], Chennai","Navaneedham Nagar,Panapakkam, Near Padappai , Chennai - 601301 , Tamil Nadu ,India",Tamil Nadu,"044-27145526,9244900840",info@srikrishnait.com,http://www.srikrishnait.com/
232,"Sri Sairam Engineering College, Chennai","Sai Leo Nagar, West Tambaram , Chennai - 600044 , Tamil Nadu ,India",Tamil Nadu,044-22512222,sairam@sairam.edu.in,http://www.sairam.edu.in/
233,"Structural Engineering Research Centre, Chennai","CSIR Campus Taramani , Chennai - 600113 , Tamil Nadu ,India",Tamil Nadu,"044-22542139,22542175,22542139,22549201","ull,""telephone",http://www.serc.res.in/
234,"Guru Shree Shanti Vijai Jain College for Women, Chennai","96,Vepery High Road , Chennai - 600007 , Tamil Nadu ,India",Tamil Nadu,044-25322257,gsscollege@eth.net,http://www.gssjcollege.in/index.asp
235,"International School of Business and Research - [ISBR Business School], Chennai","Samson Towers, Pantheon Road, Casa Major Road, Block No. 31, Egmore , Chennai - 600008 , Tamil Nadu ,India",Tamil Nadu,"044-32554744,9444334755,9380944610",infochennai@isbr.in,http://www.isbr.in/campuschennai.htm
236,"Bharathi Women's College - [BWC], Chennai","No.1, Prakasam, Salai Landmark: Near Stanley Hospital Broadway, George Town , Chennai - 600108 , Tamil Nadu ,India",Tamil Nadu,"044-25266411,Principal,Office,No.,-,25280720",principal@bwc.edu.in,http://www.bwcas.com/
237,"Institute for Ocean Management, Anna University - [IOM], Chennai","Kotturpuram , Chennai - 600025 , Tamil Nadu ,India",Tamil Nadu,044-22200159,director_iom@yahoo.com,https://www.annauniv.edu/iom/home.htm
238,"Madras School of Economics - [MSE], Chennai","Gandhi Mandapam Road, Behind Government Data Center, Kotturpuram , Chennai - 600025 , Tamil Nadu ,India",Tamil Nadu,"044-22300304,22300307",info@mse.ac.in,http://www.mse.ac.in/
239,"TS Narayanaswami College of Arts and Science, Chennai","Thazhambur Road, Off Old Mahabalipuram Road, Navalur , Chennai - 600130 , Tamil Nadu ,India",Tamil Nadu,"044-27435046,27435047",principal@tsncollege.com,http://tsncollege.ac.in/
240,"The Institute of Mathematical Sciences - [IMSc], Chennai","IV Cross Road, CIT Campus, Taramani , Chennai - 600113 , Tamil Nadu ,India",Tamil Nadu,"044-22543100,22541586,9585415570",director@imsc.res.in,http://www.imsc.res.in/
241,"The Quaide Milleth College for Men - [QMCMEN], Chennai","Tambaram - Velachery Main Road, Medavakkam , Chennai - 600100 , Tamil Nadu ,India",Tamil Nadu,"044-22771202,22771819",daycollege@qmcmen.com,http://www.qmcmen.com/
242,"All India Institute of Management Studies - [AIIMAS], Chennai","55, (Old No: 29), Lazarus Church Road, R.A.Puram , Chennai - 600028 , Tamil Nadu ,India",Tamil Nadu,"044-24956036,9840137982",aiimas@rediffmail.com,http://www.aiimas.com/
243,"Amity Global Business School - [AGBS], Chennai","25- B, Steeple Reach, Cathedral Road, Gopalapuram , Chennai - 600086 , Tamil Nadu ,India",Tamil Nadu,"7358299221,9500116342,9840615168,9840615168,9500116342,7358299221",info@chn.amity.edu,http://chennai.agbs.in/
244,"Asan Institute of Management - [AIM], Chennai","1/176, Bharathiyar Salai,,Velachery - Tambaram Road, Jaladampet , Chennai - 600100 , Tamil Nadu ,India",Tamil Nadu,"044,-22460138,-,044,-22460138,22461418,22460216,9840739451",director.aim@asaneducation.com,http://asaneducation.com
245,"Indian Institute of International Business - [IIIB], Chennai","Unity Flats, Flat NO:17, NO. 5 Puliyur, First Lane, Trustpuram, Kodambakkam , Chennai - 600024 , Tamil Nadu ,India",Tamil Nadu,"9444755051,9444837393",iiib_2002@yahoo.co.in,http://www.iiib.net
246,"Madras School of Social Work - [MSSW], Chennai","32, CASA Major Road Egmore , Chennai - 600002 , Tamil Nadu ,India",Tamil Nadu,"044,28192824,28195126",principal@mssw.in,http://www.mssw.in
247,"St Marys School of Management Studies, Chennai","Jeppiaar Nagar, Rajiv Gandhi Road , Chennai - 600119 , Tamil Nadu ,India",Tamil Nadu,044-24501065,principal@stmarys.co.in,http://www.stmarys.co.in
248,"St Peter's Institute of Distance Education, Chennai","Avadi , Chennai - 600054 , Tamil Nadu ,India",Tamil Nadu,"044-26558080,26558081",spiher@stpetersuniversity.org,http://www.stpetersuniversity.org/cde/index.php
249,"Ansaldo College of Education, Chennai","Maruthuvampadi , Chennai - 606801 , Tamil Nadu ,India",Tamil Nadu,"04181-,252492",admin@ansaldobed.org,http://www.ansaldobed.org/
250,"Cosmopolitan College of Education, Chennai","Sengadu, Sengadu (Post), Manavala Nagar(Via), Sriperumbadur (TK) Kanchipuram (Dist) , Chennai - 602106 , Tamil Nadu ,India",Tamil Nadu,"044-27608014,27608015",cosmo10819@gmail.com,http://www.cosmopolitancollegeofeducation.com/contactus.html
251,"Gojan College of Teacher Education, Chennai","80, Feet Road, Edapalayam (Alamathi) Red Hills Tiruvellore Road , Chennai - 600052 , Tamil Nadu ,India",Tamil Nadu,"044-26311043,263,1008,9444952844,9444025188,8939787123",nrajan99@gmail.com,http://www.teachereducation.gojaneducation.com/
252,"Jayalakshmi Narayanaswamy College of Education, Chennai","74/48, Bajanai Kovil Street , Chennai - 600113 , Tamil Nadu ,India",Tamil Nadu,0442-2351656,sanjithakishore@gmail.com,http://jnceducation.in
253,"Loyola College of Education, Chennai","Sterling Road, Nungambakkam, Near Nungambakkam Railway Station , Chennai - 600034 , Tamil Nadu ,India",Tamil Nadu,0442-8178200,lcoechennai@gmail.com,http://loyolacollegeofeducation.in
254,"MERF Institute of Speech and Hearing - [MERF ISH], Chennai","Old No. 1 /1 , New No. 1, South Canal Bank Road, Mandavelipakkam , Chennai - 600028 , Tamil Nadu ,India",Tamil Nadu,"044-24939143,24622403",merf_ish@yahoo.com,http://www.merfish.org
255,"N. K. T. National College of Education for Women, Chennai","No. 21, Dr. Besant Road Triplicane , Chennai - 600005 , Tamil Nadu ,India",Tamil Nadu,044-28445924,nktnce@yahoo.co.in,http://www.nktnce.ac.in
256,"Sir Muthukumaran College of Education, Chennai","Chikkarayapuram (Near Mangadu) , Chennai - 600069 , Tamil Nadu ,India",Tamil Nadu,"044-2480,2422,2484,5399,9282199114,9789991114",smce@smce-education.com,http://www.smce.edu.in
257,"Suraj Teacher Training Instiute for Women, Chennai","17/22 veerappan street Vijay complex Sowcar pet , Chennai - 600079 , Tamil Nadu ,India",Tamil Nadu,"044-25368060,9884066066",surajchetpet@gmail.com,http://surajschools.com/Institute.html
258,"Alagappa Institute of Technology - [AIT], Chennai","#49, Gangadeeswarar Koil Street , Chennai - 600084 , Tamil Nadu ,India",Tamil Nadu,044-42174904,info@aiitech.com,http://www.aiitech.com/
259,"Global Institute of Gaming and Animation - [GIGA], Chennai","ALM BUILDING, #28,Venkatakrishna Road, Mandaveli , Chennai - 600028 , Tamil Nadu ,India",Tamil Nadu,"044-42631883,9841032328",gigaanimationcollege@gmail.com,http://www.giga.ac.in
260,"Hindustan College of Arts and Science, Chennai","Rajiv Gandhi Salai (OMR), Kelambakkam, Padur , Chennai - 603103 , Tamil Nadu ,India",Tamil Nadu,"044-24469714,24469715",hcaspadur@yahoo.co.in,http://www.hcaschennai.com/
261,"Novell Soft Technologies, Chennai","No 1,C.V.R Complex, Singaravelu Street, Pondy Bazar, T.Nagar , Chennai - 600017 , Tamil Nadu ,India",Tamil Nadu,"044-64616166,9884000267",info@novellsoft.in,http://www.novellsoft.in
262,"Tamil Nadu Physical Education and Sports University - [TNPESU], Chennai","Melakottaiyur , Chennai - 600127 , Tamil Nadu ,India",Tamil Nadu,"044-27477300,27477900,27477905",tnpesu@rediffmail.com,http://www.tnpesu.org/
263,"Hindustan Institute of Engineering Technology - [HIET], Chennai","Navalur Road, Vellarithangal Village,,Serapanancheri  , Chennai - 600016 , Tamil Nadu ,India",Tamil Nadu,"18004254438,044–22341389,22342508,044-66626662",principal@hiet.in,http://www.hiet.in/
264,"ASAN Memorial Educational Institutions, Chennai","Cochin House, #1 Anderson Road , Chennai - 600006 , Tamil Nadu ,India",Tamil Nadu,"044-43084848,28214256",info@asaneducation.com,http://www.asaneducation.com
265,"Jaya Group of Intitutions, Chennai","CTH Road, Thiruninravur , Chennai - 602024 , Tamil Nadu ,India",Tamil Nadu,"044-26390982,26390682",prof.akraj@yahoo.com,http://www.jayagc.org
266,"Meenakshi Sundararajan School of Management, Chennai","363, Arcot Road, Kodambakkam , Chennai - 600024 , Tamil Nadu ,India",Tamil Nadu,"044-24802591,24812488",contact@mssmpgdm.in,http://www.mssmmba.com/
267,"National Institute of Business Management, Chennai","A Unit of Kingster Education Pvt Ltd No-5, 1st Main Road, Kamaraj Nagar West, Thiruvanmiyur , Chennai - 600041 , Tamil Nadu ,India",Tamil Nadu,"044-65651502,65553054,24430800",info@nibmglobal.com,http://www.nibmglobal.com/
268,"PERI Institute of Technology - [PERIT], Chennai","No 1, Near West Tambaram, Mannivakkam , Chennai - 600048 , Tamil Nadu ,India",Tamil Nadu,"044-22751801,General,Enquiries:,-,66813333,Admission,Enquiries:,-,9677130343,9677130344,9677130347",principal@periit.com,http://www.periit.com
269,"International Maritime Academy - [IMA], Chennai","No. 41, Jamin Korattur, Pudhuchatram, (From Poonamallee to Tirupathi Highway Road) , Chennai - 600017 , Tamil Nadu ,India",Tamil Nadu,"044-26810940,26810950",imaadmission@gmail.com,http://www.imauniv.in/
270,"Indian Statistical Institute - [ISI], Chennai","SETS (Society for Electronic Transactions and security), MGR Knowledge City, CIT Campus, Taramani, (Landmark: Near IITM Research Park/ Ginger Hotel) , Chennai - 600113 , Tamil Nadu ,India",Tamil Nadu,044-66632507,officeisi@isichennai.res.in,http://www.isichennai.res.in/
271,"Madras Institute of Development Studies -[MIDS], Chennai","2nd Main Road, Gandhi Nagar , Chennai - 600020 , Tamil Nadu ,India",Tamil Nadu,0442-441258,chairperson@mids.ac.in,http://www.mids.ac.in/
272,"Vel Tech Dr. RR & Dr. SR University - [VelTech University], Chennai","400 feet Outer Ring Road, Avadi , Chennai - 600062 , Tamil Nadu ,India",Tamil Nadu,180030706949,admission@vel-tech.org,http://www.veltechuniv.edu.in/
273,"Anna University, Centre for Distance Education, Chennai","Kotturpuram , Chennai - 600025 , Tamil Nadu ,India",Tamil Nadu,"044-22357216,22357221,64502508",distanceprog@annauniv.edu,http://cde.annauniv.edu/Default.aspx
274,"C.Kandaswami Naidu College, Chennai","No:E7 , III Avenue Annanagar East, , Chennai - 600102 , Tamil Nadu ,India",Tamil Nadu,044-26262970,ckncprincipal@gmail.com,http://www.cknc.edu.in/
275,"Omayal Achi College Of Nursing, Puzhal - [OACN], Chennai","#45, Ambattur Road,  Puzhal , Chennai - 600066 , Tamil Nadu ,India",Tamil Nadu,"044-26591617,26591618",oacn1992@gmail.com,http://www.omayaln.com/
276,"Cancer Institute (W.I.A.) Adyar, Chennai","Cancer Institute, Sardar Patel Road, Adyar, , Chennai - 600020 , Tamil Nadu ,India",Tamil Nadu,044-22209150,"ull,""telephone",http://cancerinstitutewia.in/CIWIA/coursesoffered.html
277,"Anna Adarsh College for Women, Chennai","A-1, II Street, Off 9th Main Road, Anna Nagar , Chennai - 600040 , Tamil Nadu ,India",Tamil Nadu,044-26212089,annaadarsh@rediffmail.com,http://www.annaadarsh.edu.in/
278,"Mar Gregorious College, Chennai","Block No. 8, J.J. Nagar West, Mogappair West , Chennai - 600037 , Tamil Nadu ,India",Tamil Nadu,"044-26530978,26533140",enquiry@margregorioscollege.net,http://www.margregorioscollege.net
279,"K.C.S. Kasi Nadar College of Arts and Science, Chennai","Ellaya Street, R.K.Nagar,Chennai , Chennai - 600021 , Tamil Nadu ,India",Tamil Nadu,"044,-,25974498,25974499,65876767",principal@kcskasinadarcollege.in,http://www.kcskasinadarcollege.in/
280,"P M R Engineering College, Adayalampattu, Chennai","Adayalampattu, Vanagaram, , Chennai - 600095 , Tamil Nadu ,India",Tamil Nadu,"044-26162640,65155925",director.admissions@pmrengg.org,http://www.pmrec.ac.in/
281,"K. K. College of Pharmacy, Chennai","KRA Campus,Gerugambakkam,Chennai , Chennai - 600122 , Tamil Nadu ,India",Tamil Nadu,"044,-,23821272,32546162,9443766611,9481259415",kkcpchennai@gmail.com,http://www.kkcp.ac.in/
282,"MEASI Institute of Management Royapettah, Chennai","No.87, Peters Road, Royapettah , Chennai - 600014 , Tamil Nadu ,India",Tamil Nadu,"044-28351050,Director,-,28352975,Office,-,28352982,Office,-,9894693613,Director,-,9444281144",measimim@yahoo.in,http://measimba.ac.in
283,"ESIC Medical College and PGIMSR, Chennai","Ashok Pillar Road, KK Nagar , Chennai - 600078 , Tamil Nadu ,India",Tamil Nadu,"044-24748959,9841076231",deanesipgimsr@gmail.com,http://www.esicmcpgimsrchennai.ac.in/
284,"Apollo College of Nursing - [ACN], Chennai","Vanagaram to Ambattur Main Road, Ayanambakkam , Chennai - 600095 , Tamil Nadu ,India",Tamil Nadu,"044-26534387,26534386",apollocollegeofnursing@gmail.com,http://www.apollohospitalseducation.com/college/
285,"Dr. K. M. Cherian Heart Foundation, Chennai","R 30 C, Ambattur Industrial Estate Road, Mogappair , Chennai - 600101 , Tamil Nadu ,India",Tamil Nadu,"044-26564224,42017575",resumes@frontierlifeline.com,http://www.frontierlifeline.com/
286,"White Memorial Educational Society, College Of Physiotherapy, Chennai","395, Sarojini Naidu Road, Siddhapudur , Chennai - 641044 , Tamil Nadu ,India",Tamil Nadu,"0422-4500193,2247756","ull,""telephone",http://www.sripmsphysiotherapy.com/
287,"Natesan Institute of Co-operative Management - [NICM], Chennai","2377 A, Anna Nagar West , Chennai - 600040 , Tamil Nadu ,India",Tamil Nadu,"12th,Main,Road,044-26211423,26211398,26210423",nicmchennai1954@gmail.com,http://www.nicmchennai.in/
288,"Madras Medical College, College Of Nursing, Chennai","E.V.R Periyar Salai, Park Town , Chennai - 600003 , Tamil Nadu ,India",Tamil Nadu,"044-25363970,044-25305000",deanmmc@tn.gov.in,http://www.mmc.tn.gov.in
289,"Right College Of Nursing Vanagaram, Chennai","No. 1/5, Chettiyar Agaram Road, Siva Bootham Village, Vanagaram , Chennai - 600095 , Tamil Nadu ,India",Tamil Nadu,"12th,Main,Road,044-24762415,64993422,Administrative,Office,-,26209326",info@rightnursing.com,http://rightnursing.com/index.htm
290,"National Institute for Empowerment of Persons with Multiple Disabilities - [NIEPMD], Chennai","East Coast Road, Muttukadu, Kovalam , Chennai - 603112 , Tamil Nadu ,India",Tamil Nadu,"044-27472113,27472046",niepmd@gmail.com,http://niepmd.tn.nic.in
291,"National Institute of Management Studies Karapakkam - [NIMS], Chennai","KCG Nagar, Rajiv Gandhi Salai, Karapakkam , Chennai - 600097 , Tamil Nadu ,India",Tamil Nadu,"044-65384011,22341389,22342508",hetc@vsnl.com,http://www.nimschennai.com
292,"Shri Shankarlal Sundarbai Shasun Jain College for Women, Chennai","No.3,  Madley Road, T-Nagar , Chennai - 600017 , Tamil Nadu ,India",Tamil Nadu,"044-24328506,42868246",info@shasuncollege.edu.in,http://www.shasuncollege.edu.in/
293,"Sindhi College of Arts and Science, Chennai","146, Poonamallee High road, Near Thiruverkadu Temple Arch, Numbal , Chennai - 600077 , Tamil Nadu ,India",Tamil Nadu,"044-26800199,65319541",office@sindhicollege.in,http://sindhicollege.in/
294,"Sir Theagaraya College, Chennai","1047 / 345, T.H, Old Washermanpet, P.B.No : 1154 , Chennai - 600021 , Tamil Nadu ,India",Tamil Nadu,"044-25951300,25983421","ull,""telephone",http://www.sirtheagarayacollege.com/
295,"Government Unani Medical College, Chennai","Aringar Anna Government Hospital of  , Chennai - 600106 , Tamil Nadu ,India",Tamil Nadu,"044,-,26222641,98404,54821",gumcchennai@gmail.com,http://gumcchennai.com/
296,"Sivanthi Aditanar College, Pillayarpuram, Chennai","Sivanthi Aditanar College,Pillayarpuram, Nagercoil , Chennai - 629501 , Tamil Nadu ,India",Tamil Nadu,0465-2287251,"ull,""telephone",http://www.sivanthi-ngl.org/
297,"Prince Shri Venkateshwara Arts and Science College, Gowrivakkam  - [PSVASC], Chennai","Venkateshwara Nagar, Gowrivakkam , Chennai - 601302 , Tamil Nadu ,India",Tamil Nadu,"044,22780755",princesvc@yahoo.co.in,http://princescience.in/
298,"Liberty Institute of Radiology and Paramedical Research Centre, Chennai","Alwarpet, Chennai , Chennai - 600018 , Tamil Nadu ,India",Tamil Nadu,"044,24346665,24349995",libertyscans@gmail.com,http://www.libertyscans.in/
299,"Prof Dhanapalan College of Art and science, Kelambakkam,, Chennai","Old Mahabalipuram road, Kelambakkam, , Chennai - 603103 , Tamil Nadu ,India",Tamil Nadu,"044-27474247,27474718",dhanapalancollege@gmail.com,http://www.dhanapalancollege.com/
300,"Nichi-In Centre For Regenerative Medicine Nungambakkam - [NCRM], Chennai","C30, III Fl., LICET, Loyola College Campus, Nungambakkam , Chennai - 600034 , Tamil Nadu ,India",Tamil Nadu,"044-28174743,64549484",ncrm@nichimail.jp,http://www.ncrm.org
301,"Sharmila College Of Nursing, Chennai","No.1, 7th Avenue, Besant Nagar , Chennai - 600090 , Tamil Nadu ,India",Tamil Nadu,"044-4908800,4908801,4908802,4908803","ull,""telephone",http://www.sharmilacollege.com/
302,"Shenbagha College of Nursing, Chennai","No.1, Mettu street, Mathiravedu,Nearby to Sri Devi Karumariamman koil, Thiruverkadu , Chennai - 600077 , Tamil Nadu ,India",Tamil Nadu,"044-26800129,26631020,9382801646,9094916711","ull,""telephone",http://www.shenbaghacollegeofnursing.org/
303,"Sree Muthukumaraswamy College, Chennai","Plot No. 92/1&9, 8th Block, Muthamizh Nagar, Kodungaiyur , Chennai - 600118 , Tamil Nadu ,India",Tamil Nadu,"044-25544574,25544577","ull,""telephone",http://www.sreemuthukumaraswamycollege.com
304,"International Centre For Cardio-Thoracic and Vascular Diseases, Chennai","R-30C, Ambattur Industrial Estate Road, , Chennai - 600101 , Tamil Nadu ,India",Tamil Nadu,"044-26564224,42017575,26564260,26564260",drkmc@frontierlifeline.com,http://www.frontierlifeline.com/
305,"M A Chidambaram College of Nursing, Chennai","TTTI Post,Chennai , Chennai - 600113 , Tamil Nadu ,India",Tamil Nadu,"044,-,22541476,22541176,22542696",macednfdn@gmail.com\ufeff,http://www.macnursing.org/index.html
306,"Srinivasa Institute of Engineering & Technology, Chennai","Parivakkam, Bypass Rd, Poonamallee , Chennai - 600056 , Tamil Nadu ,India",Tamil Nadu,"044-2649252,26493505,26492227",sietengg@hotmail.com,http://www.siet.edu.in/aboutus.html
307,"Sriram College of Arts and Science, Chennai","Perumalpattu,Veppampattu [R.S], Thiruvallur District , Chennai - 602024 , Tamil Nadu ,India",Tamil Nadu,"044-27689181,9940433101",principalsrcas@gmail.com,http://sriramcas.edu.in/
308,"Madha College of Nursing, Chennai","Kunrathur, Chennai , Chennai - 600069 , Tamil Nadu ,India",Tamil Nadu,"044,24780736,24780798","ull,""telephone",http://www.madhacollegeofnursing.com/
309,"Rajalakshmi College of Nursing - [RCN], Chennai","Rajalakshmi Nagar, Thandalam , Chennai - 602105 , Tamil Nadu ,India",Tamil Nadu,"044-37108080,Office,-,26442476",rcnprincipal@rajalakshmi.edu.in,http://www.rajalakshmi.org/rcn/
310,"Kanchi Kamakoti Childs Trust Hospital  - [KKCTH], Chennai","Nungambakkam, Chennai , Chennai - 600034 , Tamil Nadu ,India",Tamil Nadu,"044,-,42001800",info@kkcth.org,http://www.kkcth.org/
311,"Rajalakshmi Engineering College - [REC], Chennai","Rajalakshmi Nagar, Thandalam , Chennai - 602105 , Tamil Nadu ,India",Tamil Nadu,"044-37181111,Office,-,26461316,37181112,Principal,-,37181001",admin@rajalakshmi.edu.in,http://www.rajalakshmi.org/
312,"St. Isabels College Of Nursing - [SISN], Chennai","49, Oliver Road,  Luz Mylapore , Chennai - 600004 , Tamil Nadu ,India",Tamil Nadu,"044-24661707,24991081,24991082,24991083",stisabelsson@gmail.com,http://www.stisabelscon.org/index.html
313,"M.N. College of Optometry, Chennai","Tondiarpet , Chennai , Chennai - 600021 , Tamil Nadu ,India",Tamil Nadu,"044,-,25986676,25953594",mncollegeopto@yahoo.co.in,http://www.mncollegeopto.com/
314,"Jawahar Engineering College, Chennai","Sabarmati 54, KK Road, Kaverirangan Nagar , Chennai - 600093 , Tamil Nadu ,India",Tamil Nadu,"044,2376,3281,09042027183",asnagent@gmail.com,http://jecchennai.in/
315,"Jaya Suriya Engineering College, Chennai","Redhills – Thiruvallur High Road,,Koduveli , Chennai - 600055 , Tamil Nadu ,India",Tamil Nadu,"044-27680286,27680288,65681139,9444371440,9444805440,9445614492",jayasuriyaengg@gmail.com,http://jayasuriyaengineering.com/
316,"St. Anne's Arts and Science College, Chennai","G.N.T Road,  Ponniammanmedu, Madavaram , Chennai - 600110 , Tamil Nadu ,India",Tamil Nadu,"044-32003135,8939225839",ssacollegechennai@gmail.com,http://www.ssacollegechennai.com/
317,"Madha College of Physiotherapy, Chennai","Somangalam Road, Kundrathur, Chennai , Chennai - 600069 , Tamil Nadu ,India",Tamil Nadu,"044,-,24780732,24780734","ull,""telephone",http://www.madhacollegeofphysiotherapy.com/
318,"Vasan Institute Of Ophthalmology & Research, Chennai","120A Bazar Road, Saidapet , Chennai - 600015 , Tamil Nadu ,India",Tamil Nadu,"044–43400950,39890950,43400000,9585548908",vior.chennai@vasaneye.in,http://www.vasaneye.in/vior.asp
319,"Madha Arts and Science College, Chennai","Erandamkattalai, Sadhanandhapuram,Thandalam Post , Chennai - 600112 , Tamil Nadu ,India",Tamil Nadu,"044,-,29310091",madhaasc@gmail.com,http://www.madhaartsandscience.com/
320,"Madha Dental College and Hospital, Chennai","Somangalam Road,Kundrathur, Chennai , Chennai - 600069 , Tamil Nadu ,India",Tamil Nadu,"044,-,24780732,24780734,24780798",contactus@madhagroup.org,http://www.madhadentalcollege.com/
321,"R.B Gothi Jain College for Women, Pulliline, Chennai","NO.13, Sothupukkam Darkarsh Road, Pulliline, Redhills , Chennai - 600052 , Tamil Nadu ,India",Tamil Nadu,"044-64502022,64503033",rbgothi.jaincollege@yahoo.com,http://www.rbgjaincollege.in/
322,"Sri Venkateswara Dental College And Hospital, Chennai","Off.Old Mahabalipuram Road, Near Navalur , Chennai - 600130 , Tamil Nadu ,India",Tamil Nadu,"044,-,2743,5061,2743,5060,94441,18641,98404,53005",info@svdentalcollege.com,http://www.svdentalcollege.com/
323,"Venkateswara Homoeothic Medical College Porur, Chennai","No.4/11, Samayapuram Main Road, Karambakkam, Porur , Chennai - 600116 , Tamil Nadu ,India",Tamil Nadu,"044-24760638,24763676",vhmc2000@yahoo.com,http://www.venkathomoeo.org/
324,"Sri Krishnaswamy College for Women, Chennai","AC-48, 6th Main Road, Shanthi Colony, Anna Nagar West , Chennai - 600040 , Tamil Nadu ,India",Tamil Nadu,"044-26262977,26282977",skcw2010@gmail.com,http://www.shrikrishnaswamycollegeforwomen.com/
325,"Venkateswara Hospitals Chennai, Chennai","36 - A, Chamiers Road, Nandanam , Chennai - 600035 , Tamil Nadu ,India",Tamil Nadu,"044-45111111,45114511",info@vhospitals.com,http://www.vhospitals.com
326,"Sri Venkateswaraa College of Technology, Chennai","Vadakal Village, Pondur Post, Sriperumbudur Taluk , Chennai - 602105 , Tamil Nadu ,India",Tamil Nadu,"044-2710,7719,27107699,30139431,30139432,30139433,30139434",svct2009@gmail.com,http://www.svct.in/
327,"Venkateswara Nursing College, Chennai","Off.Old Mahabalipuram Road, Near Navalur, Thalambur , Chennai - 603103 , Tamil Nadu ,India",Tamil Nadu,"044-32537098,27435060",info@venkateswaranursing.ac.in,http://www.venkateswaranursing.ac.in
328,"Scansworld Education and Research Institute - [SERI], Chennai","20, Rama Street, Opp Valluvarkottam high Road, Nungambakkam , Chennai - 600034 , Tamil Nadu ,India",Tamil Nadu,"044-40000008,9791007777",scansworldedu@gmail.com,http://www.scansworld.in/education.php
329,"Sri Sai Ram Medical College, Chennai","West Tambaram , Chennai - 600044 , Tamil Nadu ,India",Tamil Nadu,"044-22512010,22512020,22512030","ull,""telephone",http://www.saimedical.com/
330,"Sri Sairam Ayurveda Medical College And Research Centre, Chennai","Sai Leo Nagar, Poonthandalam, West Tambaram , Chennai - 600044 , Tamil Nadu ,India",Tamil Nadu,"044-22512040,044–22512121,09444960308",principal.ayur@saimedical.com,http://sairamayur.edu.in/
331,"Vijaya Educational Academy, Chennai","Vijaya Hospital: No.434, N.S.K.Salai, Vadapalani , Chennai - 600026 , Tamil Nadu ,India",Tamil Nadu,044-66646600,edu@vijayahospital.org,http://www.vijayahospital.org/vijaya-academics.php
332,"The Sankara Nethralaya Academy, Chennai","Vanagaram Road, Ayanambakkam. , Chennai - 600095 , Tamil Nadu ,India",Tamil Nadu,"044,-,4908,6000",snacademy@snmail.org,http://www.thesnacademy.ac.in/
333,"Tamil Nadu Dr Ambedkar Law University, Distance Education, Chennai","Poompozhil"", 5, Dr. D.G.S. Dinakaran Salai, , Chennai - 600028 , Tamil Nadu ,India",Tamil Nadu,"044–24641212,24641919",registrar@tndalu.ac.in,http://www.tndalu.ac.in/
334,"SSN School of Management - [SOM], Chennai","Old Mahabalipuram Road, Kalavakkam , Chennai - 603110 , Tamil Nadu ,India",Tamil Nadu,"044-27469700,27469774",mba.admissions@ssn.edu.in,http://www.ssn.edu.in/
335,"University of Madras, Institute of Distance Education, Chennai","IDE Building Chepauk , Chennai - 600005 , Tamil Nadu ,India",Tamil Nadu,"044-25613716,25613727,25613728",idedirector@gmail.com,http://www.ideunom.ac.in
336,"Amrita College of Education, Chennai","Kunichi Tirupatur, , Chennai - 635601 , Tamil Nadu ,India",Tamil Nadu,9443626540,"ull,""telephone",http://www.amritacetpt.in/index.php
337,"Annai Veilankanni's College of Education, Chennai","Nedungundram near Perungalathur Railway Station , Chennai - 600048 , Tamil Nadu ,India",Tamil Nadu,"044-65139222,9282144444","ull,""telephone",http://annaiveilankannis.com/college-of-education/
338,"Rajalakshmi College of Education, Chennai","# 69 New Avadi Road, Kilpauk , Chennai - 600010 , Tamil Nadu ,India",Tamil Nadu,"044-26442472,26461316,9944311111",admin@rajalakshmi.edu.in,http://www.rajalakshmiinstitutions.edu.in/rce.html
339,"Amman College of Education, Chennai","Pillaiyarnatham dindigul , Chennai - 624002 , Tamil Nadu ,India",Tamil Nadu,I,"ull,""telephone",http://ammancolleges.org/
340,"Angels College of Education, Chennai","Aniyapuram, Namakkal , Chennai - 637017 , Tamil Nadu ,India",Tamil Nadu,"04286-266833,8220052955",angels.nkl@gmail.com,http://www.angelsnkl.org/index.html
341,"Annai College of Education, Chennai","Nambipatti H.Doddampatti Harur , Chennai - 636903 , Tamil Nadu ,India",Tamil Nadu,04346–201455,"ull,""telephone",http://www.annaibed.com/index.html
342,"Annai Fathima College of Education, Chennai","Anakudi Road,Kovilacheri,Kumbakonam , Chennai - 612503 , Tamil Nadu ,India",Tamil Nadu,0435-2421692,"ull,""telephone",http://www.annaifathimabed.org/index.html
343,"Annai Saraswathi College of Education, Chennai","No. 23,Ganesapuram Manavalanagar. , Chennai - 602002 , Tamil Nadu ,India",Tamil Nadu,044-27640933,"ull,""telephone",http://www.aset.in/index.html
344,"Indira Gandhi College of Education, Chennai","Authur Thimmavaram Chengalpattu. , Chennai - 603101 , Tamil Nadu ,India",Tamil Nadu,"044-27493425,99419,76667,98407,03875","ull,""telephone",http://www.igced.in/index.html
345,"Madha College of Education, Chennai","Madha Nagar Somangalam Road, , Chennai - 600069 , Tamil Nadu ,India",Tamil Nadu,e,"ull,""telephone",http://www.madhacollegeofeducation.com/index.html
346,"National Institute For The Visually Handicapped Regional Centre, Chennai","522, Trunk Road , Chennai - 600056 , Tamil Nadu ,India",Tamil Nadu,044-26272505,mail: nivhchen@tn.nic.in,http://www.nivhrc-chen.org/
347,"Lady Willingdon Institute of Advanced Study In Education, Chennai","South Beach Road, Kamarajar Salai, Triplicane , Chennai - 600005 , Tamil Nadu ,India",Tamil Nadu,044-28445531,info@ladywillingdoniase.com,http://www.ladywillingdoniase.com/index.html
348,"Tamil Nadu Physical Education and Sports University, Directorate of Distance Education, Chennai","Tamil Nadu Physical Education and Sports University, Vandalur - Kelambakkam Road, Melakottaiyur Post , Chennai - 600127 , Tamil Nadu ,India",Tamil Nadu,"044-27477919,27477926",sportsuniversitydde2007@gmail.com,http://www.tnpesu.org/
349,"Netrodaya College of Special Education, Chennai","47/1, Nolambur Phase II,Mogappair West , Chennai - 600037 , Tamil Nadu ,India",Tamil Nadu,"044-26530712,26533680,9382896636",info@nethrodaya.org,http://www.nethrodaya.org/
350,"Prof. S.A. College of Education, Chennai","1/145, SardarPatel Road Old Mahabalipuram Road. , Chennai - 600119 , Tamil Nadu ,India",Tamil Nadu,044-24500220,"ull,""telephone",http://www.psacen.com/
351,"Meston College of Education, Chennai","10/33, West Cott Road, Royapettah, Chennai , Chennai - 600014 , Tamil Nadu ,India",Tamil Nadu,044-28419284,mestoncollegeofeducation@gmail.com,http://www.mestoncollege.edu.in/index.htm
352,"Sivanthi College of Education, Chennai","Sivanthi Garden, Metha Nagar , Chennai - 600069 , Tamil Nadu ,India",Tamil Nadu,"044-32533554,9382223553",sivanthi_coe@yahoo.in,http://www.sivanthi.com/
353,"MEASI College of Education, Chennai","2, Demellows Road, Choolai, (Behind Tamil Nadu Haj Service Society) , Chennai - 600112 , Tamil Nadu ,India",Tamil Nadu,"044-32503300,32975500",measiedu@yahoo.co.in,http://www.measiedu.org/index.php
354,"Our Lady College of Education, Chennai","Our lady Nagar, Maduravoyal , Chennai - 600095 , Tamil Nadu ,India",Tamil Nadu,044-23780899,info@ourladycollegeofeducation.com,http://www.ourladycollegeofeducation.com/
355,"SRM University Vadapalani Campus, Chennai","No.1, Jawaharlal Nehru Road, (100 feet Road, Near Vadapalani Signal), Vadapalani , Chennai - 600026 , Tamil Nadu ,India",Tamil Nadu,"044-43969966,43969967","ull,""telephone",http://www.srmuniv.ac.in/ramapuram-part-vadapalani/
356,"SRM University Ramapuram Campus, Chennai","Bharathi Salai, Ramapuram , Chennai - 600089 , Tamil Nadu ,India",Tamil Nadu,"044-30603042,30603111",dean.et@rmp.srmuniv.ac.in,http://www.srmuniv.ac.in/ramapuram/
357,"Sree Balaji College of Nursing, Chennai","7, Works Road, Chromepet, Chennai , Chennai - 600044 , Tamil Nadu ,India",Tamil Nadu,"044,-,42877081",sbcnchennai@in.com,http://www.sbcn.ac.in/index.htm
358,"Sri Ramachandra College of Allied Health Sciences - [AHS], Chennai","Sri Ramachandra University, No.1, Ramachandra Nagar, Porur , Chennai - 600116 , Tamil Nadu ,India",Tamil Nadu,"044-45928500,24768027,24768029","ull,""telephone",http://www.sriramachandra.edu.in/university/colleges.php?cid=6
359,"Maritime Foundation, Chennai","Padmasree Apartments, 34, Jayalakshmipuram 1st St, Nungambakkam , Chennai - 600034 , Tamil Nadu ,India",Tamil Nadu,"044-28236869,42141465",mfipl@yahoo.co.in,http://maritime-foundation.com/
360,"Sri Ramachandra College of Management, Chennai","Sri Ramachandra University, No.1 Ramachandra Nagar, Porur , Chennai - 600116 , Tamil Nadu ,India",Tamil Nadu,"044-23860156,23860192,23860292",principal.management@sriramachandra.edu.in,http://www.sriramachandra.edu.in/university/colleges.php?cid=3
361,"Sree Balaji College of Physiotherapy, Chennai","Velachery Main Road, Narayanapuram, Pallikaranai , Chennai - 600100 , Tamil Nadu ,India",Tamil Nadu,"044-22462179,Principal,-,9940047137",s.s.subramanian@hotmail.com,http://www.sbcp.ac.in/index.htm
362,"Faculty of Nursing Sri Ramachandra Medical College and Research Institute, Chennai","Sri Ramachandra University, No.1 Ramachandra Nagar, Porur , Chennai - 600116 , Tamil Nadu ,India",Tamil Nadu,"044-45928785,45928786",principal.nursing@sriramachandra.edu.in,http://www.sriramachandra.edu.in/university/colleges.php?cid=7
363,"Sri Ramachandra College of Pharmacy, Chennai","Sri Ramachandra University, No.1 Ramachandra Nagar, Porur , Chennai - 600116 , Tamil Nadu ,India",Tamil Nadu,"044-45928500,24768027",principal.pharmacy@sriramachandra.edu.in,http://www.sriramachandra.edu.in/university/colleges.php?cid=1
364,"Sri Ramachandra College of Physiotherapy, Chennai","Sri Ramachandra University, No.1 Ramachandra Nagar, Porur , Chennai - 600116 , Tamil Nadu ,India",Tamil Nadu,"044-45928628,45928375",principal.physiotherapy@sriramachandra.edu.in,http://www.sriramachandra.edu.in/university/departments.php?cid=8&did=70
365,"Sri Ramachandra College of Biomedical Sciences, Technology & Research, Chennai","Sri Ramachandra University, No.1 Ramachandra Nagar, Porur , Chennai - 600116 , Tamil Nadu ,India",Tamil Nadu,"044-45928500,24768027,24768029","ull,""telephone",http://www.sriramachandra.edu.in/university/colleges.php?cid=5
366,"Sai Ram Shipping Science College, Chennai","Villiyanoor – Koodapakkam Main Road , Chennai - 600017 , Tamil Nadu ,India",Tamil Nadu,"044-42267777,42267778",info@sairamgroup.in,http://www.sairamgroup.in/Shipping_Pondy.html
367,"Sri Ramachandra Dental College, Chennai","Sri Ramachandra University, No.1 Ramachandra Nagar, Porur , Chennai - 600116 , Tamil Nadu ,India",Tamil Nadu,"044-45928500,45928266",dean.dental@sriramachandra.edu.in,http://www.sriramachandra.edu.in/university/colleges.php?cid=2
368,"Sri Ramachandra Medical College, Chennai","Sri Ramachandra University, No.1 Ramachandra Nagar, Porur , Chennai - 600116 , Tamil Nadu ,India",Tamil Nadu,044-45928500,"ull,""telephone",http://www.sriramachandra.edu.in/university/colleges.php?cid=4
369,"Dr. Ambedkar Government Law College, Chennai","Near Kuralagam, High Court Building Campus , Chennai - 600104 , Tamil Nadu ,India",Tamil Nadu,"044-25340907,25340907",draglc104@yahoo.com,http://www.draglc.ac.in/
370,"College of Food and Dairy Technology, Tamil Nadu Veterinary and Animal Sciences University - [CFDT], Chennai","Koduvalli , Chennai - 600052 , Tamil Nadu ,India",Tamil Nadu,044-27680218,Baskaran.d@tanuvas.ac.in,http://www.tanuvas.ac.in/cfdt_koduvalli.html
371,"Post Graduate Research Institute in Animal Sciences - [PGRIAS], Chennai","Kattupakkam , Chennai - 603203 , Tamil Nadu ,India",Tamil Nadu,9444688273,"ull,""telephone",http://www.tanuvas.tn.nic.in/pgrias_kattupakkam.html
372,"Institute of Remote Sensing, Anna University - [IRS], Chennai","Ranjith Rd, Kotturpuram , Chennai - 600025 , Tamil Nadu ,India",Tamil Nadu,044-22357080,vc@annauniv.edu,https://www.annauniv.edu/RemoteSensing/index.html
373,"Meenakshi College of Nursing,  MaherUniversity, Chennai","Chikkarayapuram Kundrathur Road , Chennai - 600069 , Tamil Nadu ,India",Tamil Nadu,044-32998334,info@maher.ac.in,http://www.mcn.edu.in/index.php
374,"Institute for Energy Studies, Anna University - [IES], Chennai","Kotturpuram , Chennai - 600025 , Tamil Nadu ,India",Tamil Nadu,044-64502506,ies@annauniv.edu,https://www.annauniv.edu/EnergyStudies/index.php
375,"VIT Business School - [VITBS], Chennai","VIT University, Chennai Campus, Vandalur - Kelambakkam Road , Chennai - 600127 , Tamil Nadu ,India",Tamil Nadu,044-39931555,admin.chennai@vit.ac.in,http://www.vit.ac.in/academics/schools/vitbs
376,"Department of Management Studies, Anna University - [DOMS], Chennai","Guindy , Chennai - 600025 , Tamil Nadu ,India",Tamil Nadu,"044-22203413,22203410",peerumohamed@hotmail.com,https://www.annauniv.edu/management/index.php
377,"AMET Business School, Chennai","135, East Coast Road,  Kanathur , Chennai - 603112 , Tamil Nadu ,India",Tamil Nadu,"044-32577030,32577002,Toll,Free,No.,-,1800-108-3030,9344391418,9381055898",admission@ametuniv.ac.in,http://www.ametuniv.ac.in/department-amet-business-school.html
378,"VIT Law School - [VITLS], Chennai","VIT University, Chennai Campus, Vandalur Kelambakkam Road , Chennai - 600127 , Tamil Nadu ,India",Tamil Nadu,044-39931555,admin.chennai@vit.ac.in,http://chennai.vit.ac.in/academics/schools/vitsol
379,"YMCA College of Physical Education, Chennai","No.333, Anna Salai, Nandanam , Chennai - 600035 , Tamil Nadu ,India",Tamil Nadu,"044-24344816,Correspondent,&,Secretary,-,2436270,Principal,-,9444886080",ymca_phy_edn@yahoo.co.in,http://ymcacollege.ac.in/index.html
380,"Crescent School of Business - [CSB], Chennai","GST Road, Vandalur , Chennai - 600048 , Tamil Nadu ,India",Tamil Nadu,"91,8056542745,9444149454,9094674404,9994299173,9381122212",admissions@csbedu.in,http://www.csbedu.in/
381,"Saveetha School of Management - [SSM], Chennai","Noombal Icon , Chennai - 600056 , Tamil Nadu ,India",Tamil Nadu,"044-26801684,Enquiry,-,84285,12195,Enquiry,-,97908,78183",director.ssm@saveetha.com,http://saveethaschoolofmanagement.com/
382,"School of Architecture and Planning, Anna University, Chennai","Anna University , Chennai - 600025 , Tamil Nadu ,India",Tamil Nadu,"044-,22203701,2203708,22352341","ull,""telephone",https://www.annauniv.edu/sap/
383,"Crescent School of Architecture, B.S.Abdur Rahman University, Chennai","Vandalur Seethakathi Estate , Chennai - 600048 , Tamil Nadu ,India",Tamil Nadu,"044-22751347,22751348,22751350,22751375","ull,""telephone",http://www.crescentschoolofarchitecture.com
384,"Saveetha School of Engineering - [SSE], Chennai","Saveetha Nagar, Thandalam , Chennai - 602105 , Tamil Nadu ,India",Tamil Nadu,8939994247,enggadmission@saveetha.com,http://sse.saveetha.com/home/home/home.php
385,"Saveetha School of Law, Chennai","162, Ponnamalle High Road, Velappanchavadi , Chennai - 600077 , Tamil Nadu ,India",Tamil Nadu,044-26801580,info@savitha.com,http://www.saveetha.com/law/
386,"Vel Tech Dr. RR & Dr. SR Technial University, Vel Tech Business School, Chennai","Avadi-Vel Tech Road  Avadi , Chennai - 600062 , Tamil Nadu ,India",Tamil Nadu,"044-268416021,26840896",admission@veltechuniv.edu.in,https://www.veltech.edu.in/mba
387,"A.C.S. Medical College and Hospital, Chennai","Poonamalle High Road, Bangalore Highway – NH4, ,Velappanchavadi , Chennai - 600077 , Tamil Nadu ,India",Tamil Nadu,"044-6457,0316,Toll-free,No.,-,1800-30000-7073,23781080,23781090,23782176,23782186,9841280664,9841010527",dean@acsmch.ac.in,http://acsmch.ac.in/?p=1
388,"All India Institute of Technology and Management -[AIITM], Chennai","Centre Incharge, D.No: 25, Flowers Road,,Egmore Benifit Building, 2nd Floor, Kilpauk , Chennai - 600084 , Tamil Nadu ,India",Tamil Nadu,"044-32576476,9362321512",director.admission@aiitm.co.in,http://aiitm.co.in/
389,"Anand School of Architecture, Chennai","Kalasalingam Nagar, IT Corridor, Old Mahablipuram Road, Kazhipattur , Chennai - 603103 , Tamil Nadu ,India",Tamil Nadu,"044-27471360,27471370",anandschoolofarchitecture@gmail.com,http://www.aiht.ac.in/Architecture.html#
390,"Bridge Academy For Media Studies, Chennai","Opposite to Nungambakkam Railway Station 27,  Sowrashtra Nagar,  5th Street , Chennai - 600094 , Tamil Nadu ,India",Tamil Nadu,"044-23725111,9962983803,9710055668",media@bridgeacademy.in,http://www.bridgeacademy.in/default.asp
391,"Chennais Amirta International Institute of Hotel Management - [CAIIHM], Chennai","No:15/25, 3rd Cross Street, Opp M.C Raja Mens Hostel, CIT Nagar West, Nandanam, CIT Nagar , Chennai - 600035 , Tamil Nadu ,India",Tamil Nadu,"9393600700,8939500300",enquiry@chennaiamirta.com,http://www.chennaisamirta.com/
392,"Government Arts College For Men, Chennai","No.329, Annasalai, Nandanam , Chennai - 600035 , Tamil Nadu ,India",Tamil Nadu,044-24351048,"ull,""telephone",http://www.gacnandanam.com/index.php
393,"VIT University, Chennai","Vandalur, Kelambakkam Road , Chennai - 600127 , Tamil Nadu ,India",Tamil Nadu,"044-39931220,9931555",admin.chennai@vit.ac.in,http://chennai.vit.ac.in/
394,"Vel Tech Ranga Sanku Arts College, Chennai"," 42, Avadi - Vel Tech Road Avadi , Chennai - 600062 , Tamil Nadu ,India",Tamil Nadu,"044,-,29036931",emailto@velsrscollege.com,http://www.velsrscollege.com/
395,"Rajalakshmi School of Business- [RSB], Chennai","Kuthambakkam Post , Chennai - 600124 , Tamil Nadu ,India",Tamil Nadu,"044-37186500,37186501,Administrative,Office,-,26442472,Administrative,Office,-,26460124",admissions@rsb.edu.in,http://www.rsb.edu.in/
396,"Bharath Institute of Higher Education and Research, College of Engineering, Chennai","173 Agharam Road Selaiyur , Chennai - 600073 , Tamil Nadu ,India",Tamil Nadu,"044,-22290247","ull,""telephone",https://www.bharathuniv.ac.in/engineering.php
397,"Bharath Institute of Higher Education and Research, College of management, Chennai","173 Agharam Road Selaiyur  , Chennai - 600073 , Tamil Nadu ,India",Tamil Nadu,"044-22290742,22290125","ull,""telephone",https://www.bharathuniv.ac.in/colleges1/mba.php
398,"Bharath Institute of Law, Chennai","173 Agharam Road Selaiyur , Chennai - 600073 , Tamil Nadu ,India",Tamil Nadu,"044-22290742,22290125",dean.law@bharathuniv.ac.in,https://bharathlaw.ac.in/
399,"AAM Business School, Chennai","No. 41, Essarar Tower, Venkatnarayana Road, T. Nagar (Near Sri Balaji Temple) , Chennai - 600017 , Tamil Nadu ,India",Tamil Nadu,"044-43533300,8754501600,8754501915",info@avidus.net,http://www.avidus.net/
400,"Eva Stalin Business School - [EBS], Chennai","No # 12/27, Muthuranga Mudali Street, Near Titan watch showroom, West Tambaram , Chennai - 600045 , Tamil Nadu ,India",Tamil Nadu,"07667-244469,9094023578,7299247716",info@evastalinbschool.com,http://www.evastalinbschool.com/
401,"Park Global School of Business Excellence, Chennai","Opposite Guru Temple Arch, Kanchipuram District, Govindavadi , Chennai - 631502 , Tamil Nadu ,India",Tamil Nadu,9443743652,admissions.cni@pgsbe.ac.in,http://www.pgsbe.ac.in/
402,"Madras Veterinary College - [MVC], Chennai","Chennai , Chennai - 600007 , Tamil Nadu ,India",Tamil Nadu,044-25304000,deanmvc@tanuvas.org.in,http://www.tanuvas.tn.nic.in/mvc.html
403,"Kumaran Institute of Technology - [KIT], Chennai","Minjur, Chennai , Chennai - 601203 , Tamil Nadu ,India",Tamil Nadu,044-27932091,kitchennai@yahoo.com,http://www.kitchennai.org/
404,"ARS College of Engineering - [ARSCE], Chennai","Sattamangalam, Maramalai nagar,, , Chennai - 603209 , Tamil Nadu ,India",Tamil Nadu,"9976990062,9942990053",arsengineeringcollege@gmail.com,http://www.arsenggcollege.com/arsnew/
405,"Dhanalakshmi Srinivasan College of Engineering and Technology - [DSCET], Chennai","East Coast Road, Mamallapuram , , Chennai - 603104 , Tamil Nadu ,India",Tamil Nadu,"044-27442844,2744384",dscet@yahoo.co.in,http://www.dscet.ac.in/index.php
406,"St.Joseph's Institute of Technology - [SJIT], Chennai","Old Mamallapuram Road, Semmancheri, , Chennai - 600119 , Tamil Nadu ,India",Tamil Nadu,044-24503132,ravichan3064@gmail.com,http://www.stjosephstechnology.ac.in/web/index.html
407,"VEL TECH, Chennai","#60, Avadi - Vel Tech Road, Vel Nagar, Avadi , Chennai - 600062 , Tamil Nadu ,India",Tamil Nadu,"044-26840249,26840896,26840869,7358701997",admission@vel-tech.org,http://www.veltechengg.com/
408,"Government Medical College Omandurar - [GMC], Chennai","Omandurar Govt. Estate , Chennai - 600002 , Tamil Nadu ,India",Tamil Nadu,044-25333319,gmcomandurar@gmail.com,http://www.gmcoge.tn.gov.in/
409,"Patrician College of Arts and science, Chennai","Canal Bank Road, Gandhi Nagar, (Behind Kotturpuram Railway Station) Adyar , Chennai - 600020 , Tamil Nadu ,India",Tamil Nadu,"044-24401362,24426913",director@patriciancollege.org,http://www.patriciancollege.org/
410,"Cornerstone International College, Chennai","SSPDL, Alpha City, Beta Block, Level 6, 25 Rajiv Gandhi Salai (OMR), Navalur , Chennai - 600103 , Tamil Nadu ,India",Tamil Nadu,"044,-,40701900,Mumbai,Campus,-,7378589102,8698409956","ull,""telephone",http://www.cornerstone.edu.in
411,"Thiruthangal Nadar College, Chennai","Near Kaviarasu Kannadhasan Nagar Bus Terminus , Chennai - 600051 , Tamil Nadu ,India",Tamil Nadu,"044-25942525,25941717",tnc_98@yahoo.com,http://thiruthangalnadarcollege.org/
412,"University college of Engineering Ariyalur, Chennai","Kathankudikadu(Vill),Thelur(Po),Ariyalur(Dt.),Ariyalur , Chennai - 621705 , Tamil Nadu ,India",Tamil Nadu,0631-409105,support@email.com,http://auucea.edu.in/index.php
413,"Versatile Business School, Chennai","# 140, Marshalls Road, Egmore , Chennai - 600008 , Tamil Nadu ,India",Tamil Nadu,"044-42604805,9543311222",info@versatilebschool.com,http://www.versatilebschool.com
414,"Xavier Institute of Management and Entrepreneurship - [XIME], Chennai","Plot No CP 2 A, SIPCOT Industrial Park, Near Royal Enfield Factory, Oragadam, Vandalur-Wallajabad Highway, Sriperumbudur Taluk , Chennai - 602105 , Tamil Nadu ,India",Tamil Nadu,"044-67130400,9884421566",ximechennai@xime.org,http://xime.org/about-xime-chennai
415,"The National Institute of Hotel Management - [NIHM], Chennai","# 91, Poonamllee High Road, Nerkundram, Koyambedu , Chennai - 600107 , Tamil Nadu ,India",Tamil Nadu,"044-65655009,9087500600",nihm.info@gmail.com,http://www.nihm.in
416,"Avidus Academy of Management - [AAM Business School], Chennai","No 41, Essarar Tower, Venkatnarayana Road, T. Nagar , Chennai - 600017 , Tamil Nadu ,India",Tamil Nadu,"044-43533300,8754501616,8754501600",info@avidus.net,http://www.avidus.net
417,"Institute for Financial Management and Research - [IFMR], Chennai","24, Kothari Road , Chennai - 600034 , Tamil Nadu ,India",Tamil Nadu,"044-28279208,28202646",phd@ifmr.ac.in,http://www.ifmrchennai.ac.in/index.php
